
 /----------------------------------------------------------------------------\
 |                                                                            |
 |  yosys -- Yosys Open SYnthesis Suite                                       |
 |                                                                            |
 |  Copyright (C) 2012 - 2020  Claire Xenia Wolf <claire@yosyshq.com>         |
 |                                                                            |
 |  Permission to use, copy, modify, and/or distribute this software for any  |
 |  purpose with or without fee is hereby granted, provided that the above    |
 |  copyright notice and this permission notice appear in all copies.         |
 |                                                                            |
 |  THE SOFTWARE IS PROVIDED "AS IS" AND THE AUTHOR DISCLAIMS ALL WARRANTIES  |
 |  WITH REGARD TO THIS SOFTWARE INCLUDING ALL IMPLIED WARRANTIES OF          |
 |  MERCHANTABILITY AND FITNESS. IN NO EVENT SHALL THE AUTHOR BE LIABLE FOR   |
 |  ANY SPECIAL, DIRECT, INDIRECT, OR CONSEQUENTIAL DAMAGES OR ANY DAMAGES    |
 |  WHATSOEVER RESULTING FROM LOSS OF USE, DATA OR PROFITS, WHETHER IN AN     |
 |  ACTION OF CONTRACT, NEGLIGENCE OR OTHER TORTIOUS ACTION, ARISING OUT OF   |
 |  OR IN CONNECTION WITH THE USE OR PERFORMANCE OF THIS SOFTWARE.            |
 |                                                                            |
 \----------------------------------------------------------------------------/

 Yosys 0.33 (git sha1 2584903a060)


-- Running command `
read_verilog behavioral/vending_behavioral.v
hierarchy -top vending_behavioral
proc
opt
fsm
opt
techmap
abc
opt
stat
write_verilog risultati/vending_behavioral_synth.v
' --

1. Executing Verilog-2005 frontend: behavioral/vending_behavioral.v
Parsing Verilog input from `behavioral/vending_behavioral.v' to AST representation.
Generating RTLIL representation for module `\vending_behavioral'.
Successfully finished Verilog frontend.

2. Executing HIERARCHY pass (managing design hierarchy).

2.1. Analyzing design hierarchy..
Top module:  \vending_behavioral

2.2. Analyzing design hierarchy..
Top module:  \vending_behavioral
Removed 0 unused modules.

3. Executing PROC pass (convert processes to netlists).

3.1. Executing PROC_CLEAN pass (remove empty switches from decision trees).
Cleaned up 0 empty switches.

3.2. Executing PROC_RMDEAD pass (remove dead branches from decision trees).
Removed 1 dead cases from process $proc$behavioral/vending_behavioral.v:118$13 in module vending_behavioral.
Marked 52 switch rules as full_case in process $proc$behavioral/vending_behavioral.v:118$13 in module vending_behavioral.
Removed a total of 1 dead cases.

3.3. Executing PROC_PRUNE pass (remove redundant assignments in processes).
Removed 10 redundant assignments.
Promoted 94 assignments to connections.

3.4. Executing PROC_INIT pass (extract init attributes).

3.5. Executing PROC_ARST pass (detect async resets in processes).
Found async reset \rst in `\vending_behavioral.$proc$behavioral/vending_behavioral.v:118$13'.

3.6. Executing PROC_ROM pass (convert switches to ROMs).
Converted 0 switches.
<suppressed ~59 debug messages>

3.7. Executing PROC_MUX pass (convert decision trees to multiplexers).
Creating decoders for process `\vending_behavioral.$proc$behavioral/vending_behavioral.v:118$13'.
     1/694: $12\greedy_return$func$behavioral/vending_behavioral.v:446$12.take[5:0]$801
     2/694: $11\greedy_return$func$behavioral/vending_behavioral.v:446$12.take[5:0]$796
     3/694: $10\greedy_return$func$behavioral/vending_behavioral.v:446$12.take[5:0]$790
     4/694: $9\greedy_return$func$behavioral/vending_behavioral.v:446$12.take[5:0]$784
     5/694: $8\greedy_return$func$behavioral/vending_behavioral.v:446$12.take[5:0]$780
     6/694: $8\greedy_return$func$behavioral/vending_behavioral.v:446$12.remain[5:0]$779
     7/694: $8\greedy_return$func$behavioral/vending_behavioral.v:446$12.returned[5:0]$778
     8/694: $8\greedy_return$func$behavioral/vending_behavioral.v:446$12.next01[5:0]$777
     9/694: $8\greedy_return$func$behavioral/vending_behavioral.v:446$12.next02[5:0]$776
    10/694: $8\greedy_return$func$behavioral/vending_behavioral.v:446$12.next05[5:0]$775
    11/694: $8\greedy_return$func$behavioral/vending_behavioral.v:446$12.next10[5:0]$774
    12/694: $8\greedy_return$func$behavioral/vending_behavioral.v:446$12.out01[5:0]$773
    13/694: $8\greedy_return$func$behavioral/vending_behavioral.v:446$12.out02[5:0]$772
    14/694: $8\greedy_return$func$behavioral/vending_behavioral.v:446$12.out05[5:0]$771
    15/694: $8\greedy_return$func$behavioral/vending_behavioral.v:446$12.out10[5:0]$770
    16/694: $8\greedy_return$func$behavioral/vending_behavioral.v:446$12.amount[5:0]$769
    17/694: $15\greedy_returned[5:0]
    18/694: $15\greedy_next_10[5:0]
    19/694: $15\greedy_next_05[5:0]
    20/694: $15\greedy_next_02[5:0]
    21/694: $15\greedy_next_01[5:0]
    22/694: $15\greedy_out_10[5:0]
    23/694: $15\greedy_out_05[5:0]
    24/694: $15\greedy_out_02[5:0]
    25/694: $15\greedy_out_01[5:0]
    26/694: $7\greedy_return$func$behavioral/vending_behavioral.v:446$12.take[5:0]$764
    27/694: $7\greedy_return$func$behavioral/vending_behavioral.v:446$12.remain[5:0]$763
    28/694: $7\greedy_return$func$behavioral/vending_behavioral.v:446$12.returned[5:0]$762
    29/694: $7\greedy_return$func$behavioral/vending_behavioral.v:446$12.next01[5:0]$761
    30/694: $7\greedy_return$func$behavioral/vending_behavioral.v:446$12.next02[5:0]$760
    31/694: $7\greedy_return$func$behavioral/vending_behavioral.v:446$12.next05[5:0]$759
    32/694: $7\greedy_return$func$behavioral/vending_behavioral.v:446$12.next10[5:0]$758
    33/694: $7\greedy_return$func$behavioral/vending_behavioral.v:446$12.out01[5:0]$757
    34/694: $7\greedy_return$func$behavioral/vending_behavioral.v:446$12.out02[5:0]$756
    35/694: $7\greedy_return$func$behavioral/vending_behavioral.v:446$12.out05[5:0]$755
    36/694: $7\greedy_return$func$behavioral/vending_behavioral.v:446$12.out10[5:0]$754
    37/694: $7\greedy_return$func$behavioral/vending_behavioral.v:446$12.amount[5:0]$753
    38/694: $14\greedy_returned[5:0]
    39/694: $14\greedy_next_10[5:0]
    40/694: $14\greedy_next_05[5:0]
    41/694: $14\greedy_next_02[5:0]
    42/694: $14\greedy_next_01[5:0]
    43/694: $14\greedy_out_10[5:0]
    44/694: $14\greedy_out_05[5:0]
    45/694: $14\greedy_out_02[5:0]
    46/694: $14\greedy_out_01[5:0]
    47/694: $12\greedy_return$func$behavioral/vending_behavioral.v:404$11.take[5:0]$745
    48/694: $11\greedy_return$func$behavioral/vending_behavioral.v:404$11.take[5:0]$740
    49/694: $10\greedy_return$func$behavioral/vending_behavioral.v:404$11.take[5:0]$734
    50/694: $9\greedy_return$func$behavioral/vending_behavioral.v:404$11.take[5:0]$728
    51/694: $8\greedy_return$func$behavioral/vending_behavioral.v:404$11.take[5:0]$724
    52/694: $8\greedy_return$func$behavioral/vending_behavioral.v:404$11.remain[5:0]$723
    53/694: $8\greedy_return$func$behavioral/vending_behavioral.v:404$11.returned[5:0]$722
    54/694: $8\greedy_return$func$behavioral/vending_behavioral.v:404$11.next01[5:0]$721
    55/694: $8\greedy_return$func$behavioral/vending_behavioral.v:404$11.next02[5:0]$720
    56/694: $8\greedy_return$func$behavioral/vending_behavioral.v:404$11.next05[5:0]$719
    57/694: $8\greedy_return$func$behavioral/vending_behavioral.v:404$11.next10[5:0]$718
    58/694: $8\greedy_return$func$behavioral/vending_behavioral.v:404$11.out01[5:0]$717
    59/694: $8\greedy_return$func$behavioral/vending_behavioral.v:404$11.out02[5:0]$716
    60/694: $8\greedy_return$func$behavioral/vending_behavioral.v:404$11.out05[5:0]$715
    61/694: $8\greedy_return$func$behavioral/vending_behavioral.v:404$11.out10[5:0]$714
    62/694: $8\greedy_return$func$behavioral/vending_behavioral.v:404$11.amount[5:0]$713
    63/694: $13\greedy_returned[5:0]
    64/694: $13\greedy_next_10[5:0]
    65/694: $13\greedy_next_05[5:0]
    66/694: $13\greedy_next_02[5:0]
    67/694: $13\greedy_next_01[5:0]
    68/694: $13\greedy_out_10[5:0]
    69/694: $13\greedy_out_05[5:0]
    70/694: $13\greedy_out_02[5:0]
    71/694: $13\greedy_out_01[5:0]
    72/694: $7\greedy_return$func$behavioral/vending_behavioral.v:404$11.take[5:0]$708
    73/694: $7\greedy_return$func$behavioral/vending_behavioral.v:404$11.remain[5:0]$707
    74/694: $7\greedy_return$func$behavioral/vending_behavioral.v:404$11.returned[5:0]$706
    75/694: $7\greedy_return$func$behavioral/vending_behavioral.v:404$11.next01[5:0]$705
    76/694: $7\greedy_return$func$behavioral/vending_behavioral.v:404$11.next02[5:0]$704
    77/694: $7\greedy_return$func$behavioral/vending_behavioral.v:404$11.next05[5:0]$703
    78/694: $7\greedy_return$func$behavioral/vending_behavioral.v:404$11.next10[5:0]$702
    79/694: $7\greedy_return$func$behavioral/vending_behavioral.v:404$11.out01[5:0]$701
    80/694: $7\greedy_return$func$behavioral/vending_behavioral.v:404$11.out02[5:0]$700
    81/694: $7\greedy_return$func$behavioral/vending_behavioral.v:404$11.out05[5:0]$699
    82/694: $7\greedy_return$func$behavioral/vending_behavioral.v:404$11.out10[5:0]$698
    83/694: $7\greedy_return$func$behavioral/vending_behavioral.v:404$11.amount[5:0]$697
    84/694: $12\greedy_returned[5:0]
    85/694: $12\greedy_next_10[5:0]
    86/694: $12\greedy_next_05[5:0]
    87/694: $12\greedy_next_02[5:0]
    88/694: $12\greedy_next_01[5:0]
    89/694: $12\greedy_out_10[5:0]
    90/694: $12\greedy_out_05[5:0]
    91/694: $12\greedy_out_02[5:0]
    92/694: $12\greedy_out_01[5:0]
    93/694: $12\greedy_return$func$behavioral/vending_behavioral.v:362$10.take[5:0]$689
    94/694: $11\greedy_return$func$behavioral/vending_behavioral.v:362$10.take[5:0]$684
    95/694: $10\greedy_return$func$behavioral/vending_behavioral.v:362$10.take[5:0]$678
    96/694: $9\greedy_return$func$behavioral/vending_behavioral.v:362$10.take[5:0]$672
    97/694: $8\greedy_return$func$behavioral/vending_behavioral.v:362$10.take[5:0]$668
    98/694: $8\greedy_return$func$behavioral/vending_behavioral.v:362$10.remain[5:0]$667
    99/694: $8\greedy_return$func$behavioral/vending_behavioral.v:362$10.returned[5:0]$666
   100/694: $8\greedy_return$func$behavioral/vending_behavioral.v:362$10.next01[5:0]$665
   101/694: $8\greedy_return$func$behavioral/vending_behavioral.v:362$10.next02[5:0]$664
   102/694: $8\greedy_return$func$behavioral/vending_behavioral.v:362$10.next05[5:0]$663
   103/694: $8\greedy_return$func$behavioral/vending_behavioral.v:362$10.next10[5:0]$662
   104/694: $8\greedy_return$func$behavioral/vending_behavioral.v:362$10.out01[5:0]$661
   105/694: $8\greedy_return$func$behavioral/vending_behavioral.v:362$10.out02[5:0]$660
   106/694: $8\greedy_return$func$behavioral/vending_behavioral.v:362$10.out05[5:0]$659
   107/694: $8\greedy_return$func$behavioral/vending_behavioral.v:362$10.out10[5:0]$658
   108/694: $8\greedy_return$func$behavioral/vending_behavioral.v:362$10.amount[5:0]$657
   109/694: $11\greedy_returned[5:0]
   110/694: $11\greedy_next_10[5:0]
   111/694: $11\greedy_next_05[5:0]
   112/694: $11\greedy_next_02[5:0]
   113/694: $11\greedy_next_01[5:0]
   114/694: $11\greedy_out_10[5:0]
   115/694: $11\greedy_out_05[5:0]
   116/694: $11\greedy_out_02[5:0]
   117/694: $11\greedy_out_01[5:0]
   118/694: $7\greedy_return$func$behavioral/vending_behavioral.v:362$10.take[5:0]$652
   119/694: $7\greedy_return$func$behavioral/vending_behavioral.v:362$10.remain[5:0]$651
   120/694: $7\greedy_return$func$behavioral/vending_behavioral.v:362$10.returned[5:0]$650
   121/694: $7\greedy_return$func$behavioral/vending_behavioral.v:362$10.next01[5:0]$649
   122/694: $7\greedy_return$func$behavioral/vending_behavioral.v:362$10.next02[5:0]$648
   123/694: $7\greedy_return$func$behavioral/vending_behavioral.v:362$10.next05[5:0]$647
   124/694: $7\greedy_return$func$behavioral/vending_behavioral.v:362$10.next10[5:0]$646
   125/694: $7\greedy_return$func$behavioral/vending_behavioral.v:362$10.out01[5:0]$645
   126/694: $7\greedy_return$func$behavioral/vending_behavioral.v:362$10.out02[5:0]$644
   127/694: $7\greedy_return$func$behavioral/vending_behavioral.v:362$10.out05[5:0]$643
   128/694: $7\greedy_return$func$behavioral/vending_behavioral.v:362$10.out10[5:0]$642
   129/694: $7\greedy_return$func$behavioral/vending_behavioral.v:362$10.amount[5:0]$641
   130/694: $10\greedy_returned[5:0]
   131/694: $10\greedy_next_10[5:0]
   132/694: $10\greedy_next_05[5:0]
   133/694: $10\greedy_next_02[5:0]
   134/694: $10\greedy_next_01[5:0]
   135/694: $10\greedy_out_10[5:0]
   136/694: $10\greedy_out_05[5:0]
   137/694: $10\greedy_out_02[5:0]
   138/694: $10\greedy_out_01[5:0]
   139/694: $12\greedy_return$func$behavioral/vending_behavioral.v:320$9.take[5:0]$633
   140/694: $11\greedy_return$func$behavioral/vending_behavioral.v:320$9.take[5:0]$628
   141/694: $10\greedy_return$func$behavioral/vending_behavioral.v:320$9.take[5:0]$622
   142/694: $9\greedy_return$func$behavioral/vending_behavioral.v:320$9.take[5:0]$616
   143/694: $8\greedy_return$func$behavioral/vending_behavioral.v:320$9.take[5:0]$612
   144/694: $8\greedy_return$func$behavioral/vending_behavioral.v:320$9.remain[5:0]$611
   145/694: $8\greedy_return$func$behavioral/vending_behavioral.v:320$9.returned[5:0]$610
   146/694: $8\greedy_return$func$behavioral/vending_behavioral.v:320$9.next01[5:0]$609
   147/694: $8\greedy_return$func$behavioral/vending_behavioral.v:320$9.next02[5:0]$608
   148/694: $8\greedy_return$func$behavioral/vending_behavioral.v:320$9.next05[5:0]$607
   149/694: $8\greedy_return$func$behavioral/vending_behavioral.v:320$9.next10[5:0]$606
   150/694: $8\greedy_return$func$behavioral/vending_behavioral.v:320$9.out01[5:0]$605
   151/694: $8\greedy_return$func$behavioral/vending_behavioral.v:320$9.out02[5:0]$604
   152/694: $8\greedy_return$func$behavioral/vending_behavioral.v:320$9.out05[5:0]$603
   153/694: $8\greedy_return$func$behavioral/vending_behavioral.v:320$9.out10[5:0]$602
   154/694: $8\greedy_return$func$behavioral/vending_behavioral.v:320$9.amount[5:0]$601
   155/694: $9\greedy_returned[5:0]
   156/694: $9\greedy_next_10[5:0]
   157/694: $9\greedy_next_05[5:0]
   158/694: $9\greedy_next_02[5:0]
   159/694: $9\greedy_next_01[5:0]
   160/694: $9\greedy_out_10[5:0]
   161/694: $9\greedy_out_05[5:0]
   162/694: $9\greedy_out_02[5:0]
   163/694: $9\greedy_out_01[5:0]
   164/694: $7\greedy_return$func$behavioral/vending_behavioral.v:320$9.take[5:0]$596
   165/694: $7\greedy_return$func$behavioral/vending_behavioral.v:320$9.remain[5:0]$595
   166/694: $7\greedy_return$func$behavioral/vending_behavioral.v:320$9.returned[5:0]$594
   167/694: $7\greedy_return$func$behavioral/vending_behavioral.v:320$9.next01[5:0]$593
   168/694: $7\greedy_return$func$behavioral/vending_behavioral.v:320$9.next02[5:0]$592
   169/694: $7\greedy_return$func$behavioral/vending_behavioral.v:320$9.next05[5:0]$591
   170/694: $7\greedy_return$func$behavioral/vending_behavioral.v:320$9.next10[5:0]$590
   171/694: $7\greedy_return$func$behavioral/vending_behavioral.v:320$9.out01[5:0]$589
   172/694: $7\greedy_return$func$behavioral/vending_behavioral.v:320$9.out02[5:0]$588
   173/694: $7\greedy_return$func$behavioral/vending_behavioral.v:320$9.out05[5:0]$587
   174/694: $7\greedy_return$func$behavioral/vending_behavioral.v:320$9.out10[5:0]$586
   175/694: $7\greedy_return$func$behavioral/vending_behavioral.v:320$9.amount[5:0]$585
   176/694: $8\greedy_returned[5:0]
   177/694: $8\greedy_next_10[5:0]
   178/694: $8\greedy_next_05[5:0]
   179/694: $8\greedy_next_02[5:0]
   180/694: $8\greedy_next_01[5:0]
   181/694: $8\greedy_out_10[5:0]
   182/694: $8\greedy_out_05[5:0]
   183/694: $8\greedy_out_02[5:0]
   184/694: $8\greedy_out_01[5:0]
   185/694: $6\greedy_return$func$behavioral/vending_behavioral.v:320$9.take[5:0]$547
   186/694: $6\greedy_return$func$behavioral/vending_behavioral.v:320$9.remain[5:0]$546
   187/694: $6\greedy_return$func$behavioral/vending_behavioral.v:320$9.returned[5:0]$545
   188/694: $6\greedy_return$func$behavioral/vending_behavioral.v:320$9.next01[5:0]$544
   189/694: $6\greedy_return$func$behavioral/vending_behavioral.v:320$9.next02[5:0]$543
   190/694: $6\greedy_return$func$behavioral/vending_behavioral.v:320$9.next05[5:0]$542
   191/694: $6\greedy_return$func$behavioral/vending_behavioral.v:320$9.next10[5:0]$541
   192/694: $6\greedy_return$func$behavioral/vending_behavioral.v:320$9.out01[5:0]$540
   193/694: $6\greedy_return$func$behavioral/vending_behavioral.v:320$9.out02[5:0]$539
   194/694: $6\greedy_return$func$behavioral/vending_behavioral.v:320$9.out05[5:0]$538
   195/694: $6\greedy_return$func$behavioral/vending_behavioral.v:320$9.out10[5:0]$537
   196/694: $6\greedy_return$func$behavioral/vending_behavioral.v:320$9.amount[5:0]$536
   197/694: $7\greedy_returned[5:0]
   198/694: $7\greedy_next_10[5:0]
   199/694: $7\greedy_next_05[5:0]
   200/694: $7\greedy_next_02[5:0]
   201/694: $7\greedy_next_01[5:0]
   202/694: $7\greedy_out_10[5:0]
   203/694: $7\greedy_out_05[5:0]
   204/694: $7\greedy_out_02[5:0]
   205/694: $7\greedy_out_01[5:0]
   206/694: $6\greedy_return$func$behavioral/vending_behavioral.v:446$12.take[5:0]$583
   207/694: $6\greedy_return$func$behavioral/vending_behavioral.v:446$12.remain[5:0]$582
   208/694: $6\greedy_return$func$behavioral/vending_behavioral.v:446$12.returned[5:0]$581
   209/694: $6\greedy_return$func$behavioral/vending_behavioral.v:446$12.next01[5:0]$580
   210/694: $6\greedy_return$func$behavioral/vending_behavioral.v:446$12.next02[5:0]$579
   211/694: $6\greedy_return$func$behavioral/vending_behavioral.v:446$12.next05[5:0]$578
   212/694: $6\greedy_return$func$behavioral/vending_behavioral.v:446$12.next10[5:0]$577
   213/694: $6\greedy_return$func$behavioral/vending_behavioral.v:446$12.out01[5:0]$576
   214/694: $6\greedy_return$func$behavioral/vending_behavioral.v:446$12.out02[5:0]$575
   215/694: $6\greedy_return$func$behavioral/vending_behavioral.v:446$12.out05[5:0]$574
   216/694: $6\greedy_return$func$behavioral/vending_behavioral.v:446$12.out10[5:0]$573
   217/694: $6\greedy_return$func$behavioral/vending_behavioral.v:446$12.amount[5:0]$572
   218/694: $6\greedy_return$func$behavioral/vending_behavioral.v:404$11.take[5:0]$571
   219/694: $6\greedy_return$func$behavioral/vending_behavioral.v:404$11.remain[5:0]$570
   220/694: $6\greedy_return$func$behavioral/vending_behavioral.v:404$11.returned[5:0]$569
   221/694: $6\greedy_return$func$behavioral/vending_behavioral.v:404$11.next01[5:0]$568
   222/694: $6\greedy_return$func$behavioral/vending_behavioral.v:404$11.next02[5:0]$567
   223/694: $6\greedy_return$func$behavioral/vending_behavioral.v:404$11.next05[5:0]$566
   224/694: $6\greedy_return$func$behavioral/vending_behavioral.v:404$11.next10[5:0]$565
   225/694: $6\greedy_return$func$behavioral/vending_behavioral.v:404$11.out01[5:0]$564
   226/694: $6\greedy_return$func$behavioral/vending_behavioral.v:404$11.out02[5:0]$563
   227/694: $6\greedy_return$func$behavioral/vending_behavioral.v:404$11.out05[5:0]$562
   228/694: $6\greedy_return$func$behavioral/vending_behavioral.v:404$11.out10[5:0]$561
   229/694: $6\greedy_return$func$behavioral/vending_behavioral.v:404$11.amount[5:0]$560
   230/694: $6\greedy_return$func$behavioral/vending_behavioral.v:362$10.take[5:0]$559
   231/694: $6\greedy_return$func$behavioral/vending_behavioral.v:362$10.remain[5:0]$558
   232/694: $6\greedy_return$func$behavioral/vending_behavioral.v:362$10.returned[5:0]$557
   233/694: $6\greedy_return$func$behavioral/vending_behavioral.v:362$10.next01[5:0]$556
   234/694: $6\greedy_return$func$behavioral/vending_behavioral.v:362$10.next02[5:0]$555
   235/694: $6\greedy_return$func$behavioral/vending_behavioral.v:362$10.next05[5:0]$554
   236/694: $6\greedy_return$func$behavioral/vending_behavioral.v:362$10.next10[5:0]$553
   237/694: $6\greedy_return$func$behavioral/vending_behavioral.v:362$10.out01[5:0]$552
   238/694: $6\greedy_return$func$behavioral/vending_behavioral.v:362$10.out02[5:0]$551
   239/694: $6\greedy_return$func$behavioral/vending_behavioral.v:362$10.out05[5:0]$550
   240/694: $6\greedy_return$func$behavioral/vending_behavioral.v:362$10.out10[5:0]$549
   241/694: $6\greedy_return$func$behavioral/vending_behavioral.v:362$10.amount[5:0]$548
   242/694: $5\greedy_return$func$behavioral/vending_behavioral.v:446$12.take[5:0]$535
   243/694: $5\greedy_return$func$behavioral/vending_behavioral.v:446$12.remain[5:0]$534
   244/694: $5\greedy_return$func$behavioral/vending_behavioral.v:446$12.returned[5:0]$533
   245/694: $5\greedy_return$func$behavioral/vending_behavioral.v:446$12.next01[5:0]$532
   246/694: $5\greedy_return$func$behavioral/vending_behavioral.v:446$12.next02[5:0]$531
   247/694: $5\greedy_return$func$behavioral/vending_behavioral.v:446$12.next05[5:0]$530
   248/694: $5\greedy_return$func$behavioral/vending_behavioral.v:446$12.next10[5:0]$529
   249/694: $5\greedy_return$func$behavioral/vending_behavioral.v:446$12.out01[5:0]$528
   250/694: $5\greedy_return$func$behavioral/vending_behavioral.v:446$12.out02[5:0]$527
   251/694: $5\greedy_return$func$behavioral/vending_behavioral.v:446$12.out05[5:0]$526
   252/694: $5\greedy_return$func$behavioral/vending_behavioral.v:446$12.out10[5:0]$525
   253/694: $5\greedy_return$func$behavioral/vending_behavioral.v:446$12.amount[5:0]$524
   254/694: $5\greedy_return$func$behavioral/vending_behavioral.v:404$11.take[5:0]$523
   255/694: $5\greedy_return$func$behavioral/vending_behavioral.v:404$11.remain[5:0]$522
   256/694: $5\greedy_return$func$behavioral/vending_behavioral.v:404$11.returned[5:0]$521
   257/694: $5\greedy_return$func$behavioral/vending_behavioral.v:404$11.next01[5:0]$520
   258/694: $5\greedy_return$func$behavioral/vending_behavioral.v:404$11.next02[5:0]$519
   259/694: $5\greedy_return$func$behavioral/vending_behavioral.v:404$11.next05[5:0]$518
   260/694: $5\greedy_return$func$behavioral/vending_behavioral.v:404$11.next10[5:0]$517
   261/694: $5\greedy_return$func$behavioral/vending_behavioral.v:404$11.out01[5:0]$516
   262/694: $5\greedy_return$func$behavioral/vending_behavioral.v:404$11.out02[5:0]$515
   263/694: $5\greedy_return$func$behavioral/vending_behavioral.v:404$11.out05[5:0]$514
   264/694: $5\greedy_return$func$behavioral/vending_behavioral.v:404$11.out10[5:0]$513
   265/694: $5\greedy_return$func$behavioral/vending_behavioral.v:404$11.amount[5:0]$512
   266/694: $5\greedy_return$func$behavioral/vending_behavioral.v:362$10.take[5:0]$511
   267/694: $5\greedy_return$func$behavioral/vending_behavioral.v:362$10.remain[5:0]$510
   268/694: $5\greedy_return$func$behavioral/vending_behavioral.v:362$10.returned[5:0]$509
   269/694: $5\greedy_return$func$behavioral/vending_behavioral.v:362$10.next01[5:0]$508
   270/694: $5\greedy_return$func$behavioral/vending_behavioral.v:362$10.next02[5:0]$507
   271/694: $5\greedy_return$func$behavioral/vending_behavioral.v:362$10.next05[5:0]$506
   272/694: $5\greedy_return$func$behavioral/vending_behavioral.v:362$10.next10[5:0]$505
   273/694: $5\greedy_return$func$behavioral/vending_behavioral.v:362$10.out01[5:0]$504
   274/694: $5\greedy_return$func$behavioral/vending_behavioral.v:362$10.out02[5:0]$503
   275/694: $5\greedy_return$func$behavioral/vending_behavioral.v:362$10.out05[5:0]$502
   276/694: $5\greedy_return$func$behavioral/vending_behavioral.v:362$10.out10[5:0]$501
   277/694: $5\greedy_return$func$behavioral/vending_behavioral.v:362$10.amount[5:0]$500
   278/694: $5\greedy_return$func$behavioral/vending_behavioral.v:320$9.take[5:0]$499
   279/694: $5\greedy_return$func$behavioral/vending_behavioral.v:320$9.remain[5:0]$498
   280/694: $5\greedy_return$func$behavioral/vending_behavioral.v:320$9.returned[5:0]$497
   281/694: $5\greedy_return$func$behavioral/vending_behavioral.v:320$9.next01[5:0]$496
   282/694: $5\greedy_return$func$behavioral/vending_behavioral.v:320$9.next02[5:0]$495
   283/694: $5\greedy_return$func$behavioral/vending_behavioral.v:320$9.next05[5:0]$494
   284/694: $5\greedy_return$func$behavioral/vending_behavioral.v:320$9.next10[5:0]$493
   285/694: $5\greedy_return$func$behavioral/vending_behavioral.v:320$9.out01[5:0]$492
   286/694: $5\greedy_return$func$behavioral/vending_behavioral.v:320$9.out02[5:0]$491
   287/694: $5\greedy_return$func$behavioral/vending_behavioral.v:320$9.out05[5:0]$490
   288/694: $5\greedy_return$func$behavioral/vending_behavioral.v:320$9.out10[5:0]$489
   289/694: $5\greedy_return$func$behavioral/vending_behavioral.v:320$9.amount[5:0]$488
   290/694: $6\greedy_returned[5:0]
   291/694: $6\greedy_next_10[5:0]
   292/694: $6\greedy_next_05[5:0]
   293/694: $6\greedy_next_02[5:0]
   294/694: $6\greedy_next_01[5:0]
   295/694: $6\greedy_out_10[5:0]
   296/694: $6\greedy_out_05[5:0]
   297/694: $6\greedy_out_02[5:0]
   298/694: $6\greedy_out_01[5:0]
   299/694: $5\coin_value$func$behavioral/vending_behavioral.v:296$8.$result[5:0]$482
   300/694: $5\coin_value$func$behavioral/vending_behavioral.v:295$7.$result[5:0]$480
   301/694: $4\coin_value$func$behavioral/vending_behavioral.v:296$8.$result[5:0]$430
   302/694: $4\coin_value$func$behavioral/vending_behavioral.v:296$8.code[2:0]$431
   303/694: $4\coin_value$func$behavioral/vending_behavioral.v:295$7.$result[5:0]$428
   304/694: $4\coin_value$func$behavioral/vending_behavioral.v:295$7.code[2:0]$429
   305/694: $4\greedy_return$func$behavioral/vending_behavioral.v:446$12.take[5:0]$479
   306/694: $4\greedy_return$func$behavioral/vending_behavioral.v:446$12.remain[5:0]$478
   307/694: $4\greedy_return$func$behavioral/vending_behavioral.v:446$12.returned[5:0]$477
   308/694: $4\greedy_return$func$behavioral/vending_behavioral.v:446$12.next01[5:0]$476
   309/694: $4\greedy_return$func$behavioral/vending_behavioral.v:446$12.next02[5:0]$475
   310/694: $4\greedy_return$func$behavioral/vending_behavioral.v:446$12.next05[5:0]$474
   311/694: $4\greedy_return$func$behavioral/vending_behavioral.v:446$12.next10[5:0]$473
   312/694: $4\greedy_return$func$behavioral/vending_behavioral.v:446$12.out01[5:0]$472
   313/694: $4\greedy_return$func$behavioral/vending_behavioral.v:446$12.out02[5:0]$471
   314/694: $4\greedy_return$func$behavioral/vending_behavioral.v:446$12.out05[5:0]$470
   315/694: $4\greedy_return$func$behavioral/vending_behavioral.v:446$12.out10[5:0]$469
   316/694: $4\greedy_return$func$behavioral/vending_behavioral.v:446$12.amount[5:0]$468
   317/694: $4\greedy_return$func$behavioral/vending_behavioral.v:404$11.take[5:0]$467
   318/694: $4\greedy_return$func$behavioral/vending_behavioral.v:404$11.remain[5:0]$466
   319/694: $4\greedy_return$func$behavioral/vending_behavioral.v:404$11.returned[5:0]$465
   320/694: $4\greedy_return$func$behavioral/vending_behavioral.v:404$11.next01[5:0]$464
   321/694: $4\greedy_return$func$behavioral/vending_behavioral.v:404$11.next02[5:0]$463
   322/694: $4\greedy_return$func$behavioral/vending_behavioral.v:404$11.next05[5:0]$462
   323/694: $4\greedy_return$func$behavioral/vending_behavioral.v:404$11.next10[5:0]$461
   324/694: $4\greedy_return$func$behavioral/vending_behavioral.v:404$11.out01[5:0]$460
   325/694: $4\greedy_return$func$behavioral/vending_behavioral.v:404$11.out02[5:0]$459
   326/694: $4\greedy_return$func$behavioral/vending_behavioral.v:404$11.out05[5:0]$458
   327/694: $4\greedy_return$func$behavioral/vending_behavioral.v:404$11.out10[5:0]$457
   328/694: $4\greedy_return$func$behavioral/vending_behavioral.v:404$11.amount[5:0]$456
   329/694: $4\greedy_return$func$behavioral/vending_behavioral.v:362$10.take[5:0]$455
   330/694: $4\greedy_return$func$behavioral/vending_behavioral.v:362$10.remain[5:0]$454
   331/694: $4\greedy_return$func$behavioral/vending_behavioral.v:362$10.returned[5:0]$453
   332/694: $4\greedy_return$func$behavioral/vending_behavioral.v:362$10.next01[5:0]$452
   333/694: $4\greedy_return$func$behavioral/vending_behavioral.v:362$10.next02[5:0]$451
   334/694: $4\greedy_return$func$behavioral/vending_behavioral.v:362$10.next05[5:0]$450
   335/694: $4\greedy_return$func$behavioral/vending_behavioral.v:362$10.next10[5:0]$449
   336/694: $4\greedy_return$func$behavioral/vending_behavioral.v:362$10.out01[5:0]$448
   337/694: $4\greedy_return$func$behavioral/vending_behavioral.v:362$10.out02[5:0]$447
   338/694: $4\greedy_return$func$behavioral/vending_behavioral.v:362$10.out05[5:0]$446
   339/694: $4\greedy_return$func$behavioral/vending_behavioral.v:362$10.out10[5:0]$445
   340/694: $4\greedy_return$func$behavioral/vending_behavioral.v:362$10.amount[5:0]$444
   341/694: $4\greedy_return$func$behavioral/vending_behavioral.v:320$9.take[5:0]$443
   342/694: $4\greedy_return$func$behavioral/vending_behavioral.v:320$9.remain[5:0]$442
   343/694: $4\greedy_return$func$behavioral/vending_behavioral.v:320$9.returned[5:0]$441
   344/694: $4\greedy_return$func$behavioral/vending_behavioral.v:320$9.next01[5:0]$440
   345/694: $4\greedy_return$func$behavioral/vending_behavioral.v:320$9.next02[5:0]$439
   346/694: $4\greedy_return$func$behavioral/vending_behavioral.v:320$9.next05[5:0]$438
   347/694: $4\greedy_return$func$behavioral/vending_behavioral.v:320$9.next10[5:0]$437
   348/694: $4\greedy_return$func$behavioral/vending_behavioral.v:320$9.out01[5:0]$436
   349/694: $4\greedy_return$func$behavioral/vending_behavioral.v:320$9.out02[5:0]$435
   350/694: $4\greedy_return$func$behavioral/vending_behavioral.v:320$9.out05[5:0]$434
   351/694: $4\greedy_return$func$behavioral/vending_behavioral.v:320$9.out10[5:0]$433
   352/694: $4\greedy_return$func$behavioral/vending_behavioral.v:320$9.amount[5:0]$432
   353/694: $5\greedy_returned[5:0]
   354/694: $5\greedy_next_10[5:0]
   355/694: $5\greedy_next_05[5:0]
   356/694: $5\greedy_next_02[5:0]
   357/694: $5\greedy_next_01[5:0]
   358/694: $5\greedy_out_10[5:0]
   359/694: $5\greedy_out_05[5:0]
   360/694: $5\greedy_out_02[5:0]
   361/694: $5\greedy_out_01[5:0]
   362/694: $4\coin_value$func$behavioral/vending_behavioral.v:294$6.$result[5:0]$426
   363/694: $7\greedy_return$func$behavioral/vending_behavioral.v:269$5.take[5:0]$420
   364/694: $6\greedy_return$func$behavioral/vending_behavioral.v:269$5.take[5:0]$415
   365/694: $5\greedy_return$func$behavioral/vending_behavioral.v:269$5.take[5:0]$409
   366/694: $4\greedy_return$func$behavioral/vending_behavioral.v:269$5.take[5:0]$403
   367/694: $4\greedy_returned[5:0]
   368/694: $4\greedy_next_01[5:0]
   369/694: $4\greedy_next_02[5:0]
   370/694: $4\greedy_next_05[5:0]
   371/694: $4\greedy_next_10[5:0]
   372/694: $4\greedy_out_01[5:0]
   373/694: $4\greedy_out_02[5:0]
   374/694: $4\greedy_out_05[5:0]
   375/694: $4\greedy_out_10[5:0]
   376/694: $3\greedy_return$func$behavioral/vending_behavioral.v:269$5.returned[5:0]$344
   377/694: $3\greedy_return$func$behavioral/vending_behavioral.v:269$5.remain[5:0]$345
   378/694: $3\greedy_return$func$behavioral/vending_behavioral.v:269$5.next01[5:0]$343
   379/694: $3\greedy_return$func$behavioral/vending_behavioral.v:269$5.out01[5:0]$339
   380/694: $3\greedy_return$func$behavioral/vending_behavioral.v:269$5.take[5:0]$346
   381/694: $3\greedy_return$func$behavioral/vending_behavioral.v:269$5.next02[5:0]$342
   382/694: $3\greedy_return$func$behavioral/vending_behavioral.v:269$5.out02[5:0]$338
   383/694: $3\greedy_return$func$behavioral/vending_behavioral.v:269$5.next05[5:0]$341
   384/694: $3\greedy_return$func$behavioral/vending_behavioral.v:269$5.out05[5:0]$337
   385/694: $3\greedy_return$func$behavioral/vending_behavioral.v:269$5.next10[5:0]$340
   386/694: $3\greedy_return$func$behavioral/vending_behavioral.v:269$5.out10[5:0]$336
   387/694: $3\greedy_return$func$behavioral/vending_behavioral.v:269$5.amount[5:0]$335
   388/694: $3\greedy_return$func$behavioral/vending_behavioral.v:446$12.take[5:0]$400
   389/694: $3\greedy_return$func$behavioral/vending_behavioral.v:446$12.remain[5:0]$399
   390/694: $3\greedy_return$func$behavioral/vending_behavioral.v:446$12.returned[5:0]$398
   391/694: $3\greedy_return$func$behavioral/vending_behavioral.v:446$12.next01[5:0]$397
   392/694: $3\greedy_return$func$behavioral/vending_behavioral.v:446$12.next02[5:0]$396
   393/694: $3\greedy_return$func$behavioral/vending_behavioral.v:446$12.next05[5:0]$395
   394/694: $3\greedy_return$func$behavioral/vending_behavioral.v:446$12.next10[5:0]$394
   395/694: $3\greedy_return$func$behavioral/vending_behavioral.v:446$12.out01[5:0]$393
   396/694: $3\greedy_return$func$behavioral/vending_behavioral.v:446$12.out02[5:0]$392
   397/694: $3\greedy_return$func$behavioral/vending_behavioral.v:446$12.out05[5:0]$391
   398/694: $3\greedy_return$func$behavioral/vending_behavioral.v:446$12.out10[5:0]$390
   399/694: $3\greedy_return$func$behavioral/vending_behavioral.v:446$12.amount[5:0]$389
   400/694: $3\greedy_return$func$behavioral/vending_behavioral.v:404$11.take[5:0]$388
   401/694: $3\greedy_return$func$behavioral/vending_behavioral.v:404$11.remain[5:0]$387
   402/694: $3\greedy_return$func$behavioral/vending_behavioral.v:404$11.returned[5:0]$386
   403/694: $3\greedy_return$func$behavioral/vending_behavioral.v:404$11.next01[5:0]$385
   404/694: $3\greedy_return$func$behavioral/vending_behavioral.v:404$11.next02[5:0]$384
   405/694: $3\greedy_return$func$behavioral/vending_behavioral.v:404$11.next05[5:0]$383
   406/694: $3\greedy_return$func$behavioral/vending_behavioral.v:404$11.next10[5:0]$382
   407/694: $3\greedy_return$func$behavioral/vending_behavioral.v:404$11.out01[5:0]$381
   408/694: $3\greedy_return$func$behavioral/vending_behavioral.v:404$11.out02[5:0]$380
   409/694: $3\greedy_return$func$behavioral/vending_behavioral.v:404$11.out05[5:0]$379
   410/694: $3\greedy_return$func$behavioral/vending_behavioral.v:404$11.out10[5:0]$378
   411/694: $3\greedy_return$func$behavioral/vending_behavioral.v:404$11.amount[5:0]$377
   412/694: $3\greedy_return$func$behavioral/vending_behavioral.v:362$10.take[5:0]$376
   413/694: $3\greedy_return$func$behavioral/vending_behavioral.v:362$10.remain[5:0]$375
   414/694: $3\greedy_return$func$behavioral/vending_behavioral.v:362$10.returned[5:0]$374
   415/694: $3\greedy_return$func$behavioral/vending_behavioral.v:362$10.next01[5:0]$373
   416/694: $3\greedy_return$func$behavioral/vending_behavioral.v:362$10.next02[5:0]$372
   417/694: $3\greedy_return$func$behavioral/vending_behavioral.v:362$10.next05[5:0]$371
   418/694: $3\greedy_return$func$behavioral/vending_behavioral.v:362$10.next10[5:0]$370
   419/694: $3\greedy_return$func$behavioral/vending_behavioral.v:362$10.out01[5:0]$369
   420/694: $3\greedy_return$func$behavioral/vending_behavioral.v:362$10.out02[5:0]$368
   421/694: $3\greedy_return$func$behavioral/vending_behavioral.v:362$10.out05[5:0]$367
   422/694: $3\greedy_return$func$behavioral/vending_behavioral.v:362$10.out10[5:0]$366
   423/694: $3\greedy_return$func$behavioral/vending_behavioral.v:362$10.amount[5:0]$365
   424/694: $3\greedy_return$func$behavioral/vending_behavioral.v:320$9.take[5:0]$364
   425/694: $3\greedy_return$func$behavioral/vending_behavioral.v:320$9.remain[5:0]$363
   426/694: $3\greedy_return$func$behavioral/vending_behavioral.v:320$9.returned[5:0]$362
   427/694: $3\greedy_return$func$behavioral/vending_behavioral.v:320$9.next01[5:0]$361
   428/694: $3\greedy_return$func$behavioral/vending_behavioral.v:320$9.next02[5:0]$360
   429/694: $3\greedy_return$func$behavioral/vending_behavioral.v:320$9.next05[5:0]$359
   430/694: $3\greedy_return$func$behavioral/vending_behavioral.v:320$9.next10[5:0]$358
   431/694: $3\greedy_return$func$behavioral/vending_behavioral.v:320$9.out01[5:0]$357
   432/694: $3\greedy_return$func$behavioral/vending_behavioral.v:320$9.out02[5:0]$356
   433/694: $3\greedy_return$func$behavioral/vending_behavioral.v:320$9.out05[5:0]$355
   434/694: $3\greedy_return$func$behavioral/vending_behavioral.v:320$9.out10[5:0]$354
   435/694: $3\greedy_return$func$behavioral/vending_behavioral.v:320$9.amount[5:0]$353
   436/694: $3\coin_value$func$behavioral/vending_behavioral.v:296$8.code[2:0]$352
   437/694: $3\coin_value$func$behavioral/vending_behavioral.v:296$8.$result[5:0]$351
   438/694: $3\coin_value$func$behavioral/vending_behavioral.v:295$7.code[2:0]$350
   439/694: $3\coin_value$func$behavioral/vending_behavioral.v:295$7.$result[5:0]$349
   440/694: $3\coin_value$func$behavioral/vending_behavioral.v:294$6.code[2:0]$348
   441/694: $3\coin_value$func$behavioral/vending_behavioral.v:294$6.$result[5:0]$347
   442/694: $5\coin_value$func$behavioral/vending_behavioral.v:240$4.$result[5:0]$329
   443/694: $5\coin_value$func$behavioral/vending_behavioral.v:239$3.$result[5:0]$327
   444/694: $4\coin_value$func$behavioral/vending_behavioral.v:240$4.$result[5:0]$325
   445/694: $4\coin_value$func$behavioral/vending_behavioral.v:240$4.code[2:0]$326
   446/694: $4\coin_value$func$behavioral/vending_behavioral.v:239$3.$result[5:0]$323
   447/694: $4\coin_value$func$behavioral/vending_behavioral.v:239$3.code[2:0]$324
   448/694: $4\coin_value$func$behavioral/vending_behavioral.v:238$2.$result[5:0]$321
   449/694: $7\greedy_return$func$behavioral/vending_behavioral.v:214$1.take[5:0]$315
   450/694: $6\greedy_return$func$behavioral/vending_behavioral.v:214$1.take[5:0]$310
   451/694: $5\greedy_return$func$behavioral/vending_behavioral.v:214$1.take[5:0]$304
   452/694: $4\greedy_return$func$behavioral/vending_behavioral.v:214$1.take[5:0]$298
   453/694: $3\greedy_returned[5:0]
   454/694: $3\greedy_next_01[5:0]
   455/694: $3\greedy_next_02[5:0]
   456/694: $3\greedy_next_05[5:0]
   457/694: $3\greedy_next_10[5:0]
   458/694: $3\greedy_out_01[5:0]
   459/694: $3\greedy_out_02[5:0]
   460/694: $3\greedy_out_05[5:0]
   461/694: $3\greedy_out_10[5:0]
   462/694: $3\greedy_return$func$behavioral/vending_behavioral.v:214$1.returned[5:0]$287
   463/694: $3\greedy_return$func$behavioral/vending_behavioral.v:214$1.remain[5:0]$288
   464/694: $3\greedy_return$func$behavioral/vending_behavioral.v:214$1.next01[5:0]$286
   465/694: $3\greedy_return$func$behavioral/vending_behavioral.v:214$1.out01[5:0]$282
   466/694: $3\greedy_return$func$behavioral/vending_behavioral.v:214$1.take[5:0]$289
   467/694: $3\greedy_return$func$behavioral/vending_behavioral.v:214$1.next02[5:0]$285
   468/694: $3\greedy_return$func$behavioral/vending_behavioral.v:214$1.out02[5:0]$281
   469/694: $3\greedy_return$func$behavioral/vending_behavioral.v:214$1.next05[5:0]$284
   470/694: $3\greedy_return$func$behavioral/vending_behavioral.v:214$1.out05[5:0]$280
   471/694: $3\greedy_return$func$behavioral/vending_behavioral.v:214$1.next10[5:0]$283
   472/694: $3\greedy_return$func$behavioral/vending_behavioral.v:214$1.out10[5:0]$279
   473/694: $3\greedy_return$func$behavioral/vending_behavioral.v:214$1.amount[5:0]$278
   474/694: $3\coin_value$func$behavioral/vending_behavioral.v:240$4.code[2:0]$295
   475/694: $3\coin_value$func$behavioral/vending_behavioral.v:240$4.$result[5:0]$294
   476/694: $3\coin_value$func$behavioral/vending_behavioral.v:239$3.code[2:0]$293
   477/694: $3\coin_value$func$behavioral/vending_behavioral.v:239$3.$result[5:0]$292
   478/694: $3\coin_value$func$behavioral/vending_behavioral.v:238$2.code[2:0]$291
   479/694: $3\coin_value$func$behavioral/vending_behavioral.v:238$2.$result[5:0]$290
   480/694: $2\init_value[9:0]
   481/694: $0\coin_10[5:0]
   482/694: $0\coin_05[5:0]
   483/694: $0\coin_02[5:0]
   484/694: $0\coin_01[5:0]
   485/694: $0\resto[5:0]
   486/694: $0\errore[1:0]
   487/694: $0\prodotto4[0:0]
   488/694: $0\prodotto3[0:0]
   489/694: $0\prodotto2[0:0]
   490/694: $0\prodotto1[0:0]
   491/694: $2\greedy_return$func$behavioral/vending_behavioral.v:446$12.take[5:0]$266
   492/694: $2\greedy_return$func$behavioral/vending_behavioral.v:446$12.remain[5:0]$265
   493/694: $2\greedy_return$func$behavioral/vending_behavioral.v:446$12.returned[5:0]$264
   494/694: $2\greedy_return$func$behavioral/vending_behavioral.v:446$12.next01[5:0]$263
   495/694: $2\greedy_return$func$behavioral/vending_behavioral.v:446$12.next02[5:0]$262
   496/694: $2\greedy_return$func$behavioral/vending_behavioral.v:446$12.next05[5:0]$261
   497/694: $2\greedy_return$func$behavioral/vending_behavioral.v:446$12.next10[5:0]$260
   498/694: $2\greedy_return$func$behavioral/vending_behavioral.v:446$12.out01[5:0]$259
   499/694: $2\greedy_return$func$behavioral/vending_behavioral.v:446$12.out02[5:0]$258
   500/694: $2\greedy_return$func$behavioral/vending_behavioral.v:446$12.out05[5:0]$257
   501/694: $2\greedy_return$func$behavioral/vending_behavioral.v:446$12.out10[5:0]$256
   502/694: $2\greedy_return$func$behavioral/vending_behavioral.v:446$12.amount[5:0]$255
   503/694: $2\greedy_return$func$behavioral/vending_behavioral.v:404$11.take[5:0]$254
   504/694: $2\greedy_return$func$behavioral/vending_behavioral.v:404$11.remain[5:0]$253
   505/694: $2\greedy_return$func$behavioral/vending_behavioral.v:404$11.returned[5:0]$252
   506/694: $2\greedy_return$func$behavioral/vending_behavioral.v:404$11.next01[5:0]$251
   507/694: $2\greedy_return$func$behavioral/vending_behavioral.v:404$11.next02[5:0]$250
   508/694: $2\greedy_return$func$behavioral/vending_behavioral.v:404$11.next05[5:0]$249
   509/694: $2\greedy_return$func$behavioral/vending_behavioral.v:404$11.next10[5:0]$248
   510/694: $2\greedy_return$func$behavioral/vending_behavioral.v:404$11.out01[5:0]$247
   511/694: $2\greedy_return$func$behavioral/vending_behavioral.v:404$11.out02[5:0]$246
   512/694: $2\greedy_return$func$behavioral/vending_behavioral.v:404$11.out05[5:0]$245
   513/694: $2\greedy_return$func$behavioral/vending_behavioral.v:404$11.out10[5:0]$244
   514/694: $2\greedy_return$func$behavioral/vending_behavioral.v:404$11.amount[5:0]$243
   515/694: $2\greedy_return$func$behavioral/vending_behavioral.v:362$10.take[5:0]$242
   516/694: $2\greedy_return$func$behavioral/vending_behavioral.v:362$10.remain[5:0]$241
   517/694: $2\greedy_return$func$behavioral/vending_behavioral.v:362$10.returned[5:0]$240
   518/694: $2\greedy_return$func$behavioral/vending_behavioral.v:362$10.next01[5:0]$239
   519/694: $2\greedy_return$func$behavioral/vending_behavioral.v:362$10.next02[5:0]$238
   520/694: $2\greedy_return$func$behavioral/vending_behavioral.v:362$10.next05[5:0]$237
   521/694: $2\greedy_return$func$behavioral/vending_behavioral.v:362$10.next10[5:0]$236
   522/694: $2\greedy_return$func$behavioral/vending_behavioral.v:362$10.out01[5:0]$235
   523/694: $2\greedy_return$func$behavioral/vending_behavioral.v:362$10.out02[5:0]$234
   524/694: $2\greedy_return$func$behavioral/vending_behavioral.v:362$10.out05[5:0]$233
   525/694: $2\greedy_return$func$behavioral/vending_behavioral.v:362$10.out10[5:0]$232
   526/694: $2\greedy_return$func$behavioral/vending_behavioral.v:362$10.amount[5:0]$231
   527/694: $2\greedy_return$func$behavioral/vending_behavioral.v:320$9.take[5:0]$230
   528/694: $2\greedy_return$func$behavioral/vending_behavioral.v:320$9.remain[5:0]$229
   529/694: $2\greedy_return$func$behavioral/vending_behavioral.v:320$9.returned[5:0]$228
   530/694: $2\greedy_return$func$behavioral/vending_behavioral.v:320$9.next01[5:0]$227
   531/694: $2\greedy_return$func$behavioral/vending_behavioral.v:320$9.next02[5:0]$226
   532/694: $2\greedy_return$func$behavioral/vending_behavioral.v:320$9.next05[5:0]$225
   533/694: $2\greedy_return$func$behavioral/vending_behavioral.v:320$9.next10[5:0]$224
   534/694: $2\greedy_return$func$behavioral/vending_behavioral.v:320$9.out01[5:0]$223
   535/694: $2\greedy_return$func$behavioral/vending_behavioral.v:320$9.out02[5:0]$222
   536/694: $2\greedy_return$func$behavioral/vending_behavioral.v:320$9.out05[5:0]$221
   537/694: $2\greedy_return$func$behavioral/vending_behavioral.v:320$9.out10[5:0]$220
   538/694: $2\greedy_return$func$behavioral/vending_behavioral.v:320$9.amount[5:0]$219
   539/694: $2\coin_value$func$behavioral/vending_behavioral.v:296$8.code[2:0]$218
   540/694: $2\coin_value$func$behavioral/vending_behavioral.v:296$8.$result[5:0]$217
   541/694: $2\coin_value$func$behavioral/vending_behavioral.v:295$7.code[2:0]$216
   542/694: $2\coin_value$func$behavioral/vending_behavioral.v:295$7.$result[5:0]$215
   543/694: $2\coin_value$func$behavioral/vending_behavioral.v:294$6.code[2:0]$214
   544/694: $2\coin_value$func$behavioral/vending_behavioral.v:294$6.$result[5:0]$213
   545/694: $2\greedy_return$func$behavioral/vending_behavioral.v:269$5.take[5:0]$212
   546/694: $2\greedy_return$func$behavioral/vending_behavioral.v:269$5.remain[5:0]$211
   547/694: $2\greedy_return$func$behavioral/vending_behavioral.v:269$5.returned[5:0]$210
   548/694: $2\greedy_return$func$behavioral/vending_behavioral.v:269$5.next01[5:0]$209
   549/694: $2\greedy_return$func$behavioral/vending_behavioral.v:269$5.next02[5:0]$208
   550/694: $2\greedy_return$func$behavioral/vending_behavioral.v:269$5.next05[5:0]$207
   551/694: $2\greedy_return$func$behavioral/vending_behavioral.v:269$5.next10[5:0]$206
   552/694: $2\greedy_return$func$behavioral/vending_behavioral.v:269$5.out01[5:0]$205
   553/694: $2\greedy_return$func$behavioral/vending_behavioral.v:269$5.out02[5:0]$204
   554/694: $2\greedy_return$func$behavioral/vending_behavioral.v:269$5.out05[5:0]$203
   555/694: $2\greedy_return$func$behavioral/vending_behavioral.v:269$5.out10[5:0]$202
   556/694: $2\greedy_return$func$behavioral/vending_behavioral.v:269$5.amount[5:0]$201
   557/694: $2\coin_value$func$behavioral/vending_behavioral.v:240$4.code[2:0]$200
   558/694: $2\coin_value$func$behavioral/vending_behavioral.v:240$4.$result[5:0]$199
   559/694: $2\coin_value$func$behavioral/vending_behavioral.v:239$3.code[2:0]$198
   560/694: $2\coin_value$func$behavioral/vending_behavioral.v:239$3.$result[5:0]$197
   561/694: $2\coin_value$func$behavioral/vending_behavioral.v:238$2.code[2:0]$196
   562/694: $2\coin_value$func$behavioral/vending_behavioral.v:238$2.$result[5:0]$195
   563/694: $2\greedy_return$func$behavioral/vending_behavioral.v:214$1.take[5:0]$194
   564/694: $2\greedy_return$func$behavioral/vending_behavioral.v:214$1.remain[5:0]$193
   565/694: $2\greedy_return$func$behavioral/vending_behavioral.v:214$1.returned[5:0]$192
   566/694: $2\greedy_return$func$behavioral/vending_behavioral.v:214$1.next01[5:0]$191
   567/694: $2\greedy_return$func$behavioral/vending_behavioral.v:214$1.next02[5:0]$190
   568/694: $2\greedy_return$func$behavioral/vending_behavioral.v:214$1.next05[5:0]$189
   569/694: $2\greedy_return$func$behavioral/vending_behavioral.v:214$1.next10[5:0]$188
   570/694: $2\greedy_return$func$behavioral/vending_behavioral.v:214$1.out01[5:0]$187
   571/694: $2\greedy_return$func$behavioral/vending_behavioral.v:214$1.out02[5:0]$186
   572/694: $2\greedy_return$func$behavioral/vending_behavioral.v:214$1.out05[5:0]$185
   573/694: $2\greedy_return$func$behavioral/vending_behavioral.v:214$1.out10[5:0]$184
   574/694: $2\greedy_return$func$behavioral/vending_behavioral.v:214$1.amount[5:0]$183
   575/694: $2\greedy_returned[5:0]
   576/694: $2\greedy_next_10[5:0]
   577/694: $2\greedy_next_05[5:0]
   578/694: $2\greedy_next_02[5:0]
   579/694: $2\greedy_next_01[5:0]
   580/694: $2\greedy_out_10[5:0]
   581/694: $2\greedy_out_05[5:0]
   582/694: $2\greedy_out_02[5:0]
   583/694: $2\greedy_out_01[5:0]
   584/694: $1\greedy_return$func$behavioral/vending_behavioral.v:446$12.take[5:0]$182
   585/694: $1\greedy_return$func$behavioral/vending_behavioral.v:446$12.remain[5:0]$181
   586/694: $1\greedy_return$func$behavioral/vending_behavioral.v:446$12.returned[5:0]$180
   587/694: $1\greedy_return$func$behavioral/vending_behavioral.v:446$12.next01[5:0]$179
   588/694: $1\greedy_return$func$behavioral/vending_behavioral.v:446$12.next02[5:0]$178
   589/694: $1\greedy_return$func$behavioral/vending_behavioral.v:446$12.next05[5:0]$177
   590/694: $1\greedy_return$func$behavioral/vending_behavioral.v:446$12.next10[5:0]$176
   591/694: $1\greedy_return$func$behavioral/vending_behavioral.v:446$12.out01[5:0]$175
   592/694: $1\greedy_return$func$behavioral/vending_behavioral.v:446$12.out02[5:0]$174
   593/694: $1\greedy_return$func$behavioral/vending_behavioral.v:446$12.out05[5:0]$173
   594/694: $1\greedy_return$func$behavioral/vending_behavioral.v:446$12.out10[5:0]$172
   595/694: $1\greedy_return$func$behavioral/vending_behavioral.v:446$12.amount[5:0]$171
   596/694: $1\greedy_return$func$behavioral/vending_behavioral.v:404$11.take[5:0]$170
   597/694: $1\greedy_return$func$behavioral/vending_behavioral.v:404$11.remain[5:0]$169
   598/694: $1\greedy_return$func$behavioral/vending_behavioral.v:404$11.returned[5:0]$168
   599/694: $1\greedy_return$func$behavioral/vending_behavioral.v:404$11.next01[5:0]$167
   600/694: $1\greedy_return$func$behavioral/vending_behavioral.v:404$11.next02[5:0]$166
   601/694: $1\greedy_return$func$behavioral/vending_behavioral.v:404$11.next05[5:0]$165
   602/694: $1\greedy_return$func$behavioral/vending_behavioral.v:404$11.next10[5:0]$164
   603/694: $1\greedy_return$func$behavioral/vending_behavioral.v:404$11.out01[5:0]$163
   604/694: $1\greedy_return$func$behavioral/vending_behavioral.v:404$11.out02[5:0]$162
   605/694: $1\greedy_return$func$behavioral/vending_behavioral.v:404$11.out05[5:0]$161
   606/694: $1\greedy_return$func$behavioral/vending_behavioral.v:404$11.out10[5:0]$160
   607/694: $1\greedy_return$func$behavioral/vending_behavioral.v:404$11.amount[5:0]$159
   608/694: $1\greedy_return$func$behavioral/vending_behavioral.v:362$10.take[5:0]$158
   609/694: $1\greedy_return$func$behavioral/vending_behavioral.v:362$10.remain[5:0]$157
   610/694: $1\greedy_return$func$behavioral/vending_behavioral.v:362$10.returned[5:0]$156
   611/694: $1\greedy_return$func$behavioral/vending_behavioral.v:362$10.next01[5:0]$155
   612/694: $1\greedy_return$func$behavioral/vending_behavioral.v:362$10.next02[5:0]$154
   613/694: $1\greedy_return$func$behavioral/vending_behavioral.v:362$10.next05[5:0]$153
   614/694: $1\greedy_return$func$behavioral/vending_behavioral.v:362$10.next10[5:0]$152
   615/694: $1\greedy_return$func$behavioral/vending_behavioral.v:362$10.out01[5:0]$151
   616/694: $1\greedy_return$func$behavioral/vending_behavioral.v:362$10.out02[5:0]$150
   617/694: $1\greedy_return$func$behavioral/vending_behavioral.v:362$10.out05[5:0]$149
   618/694: $1\greedy_return$func$behavioral/vending_behavioral.v:362$10.out10[5:0]$148
   619/694: $1\greedy_return$func$behavioral/vending_behavioral.v:362$10.amount[5:0]$147
   620/694: $1\greedy_return$func$behavioral/vending_behavioral.v:320$9.take[5:0]$146
   621/694: $1\greedy_return$func$behavioral/vending_behavioral.v:320$9.remain[5:0]$145
   622/694: $1\greedy_return$func$behavioral/vending_behavioral.v:320$9.returned[5:0]$144
   623/694: $1\greedy_return$func$behavioral/vending_behavioral.v:320$9.next01[5:0]$143
   624/694: $1\greedy_return$func$behavioral/vending_behavioral.v:320$9.next02[5:0]$142
   625/694: $1\greedy_return$func$behavioral/vending_behavioral.v:320$9.next05[5:0]$141
   626/694: $1\greedy_return$func$behavioral/vending_behavioral.v:320$9.next10[5:0]$140
   627/694: $1\greedy_return$func$behavioral/vending_behavioral.v:320$9.out01[5:0]$139
   628/694: $1\greedy_return$func$behavioral/vending_behavioral.v:320$9.out02[5:0]$138
   629/694: $1\greedy_return$func$behavioral/vending_behavioral.v:320$9.out05[5:0]$137
   630/694: $1\greedy_return$func$behavioral/vending_behavioral.v:320$9.out10[5:0]$136
   631/694: $1\greedy_return$func$behavioral/vending_behavioral.v:320$9.amount[5:0]$135
   632/694: $1\coin_value$func$behavioral/vending_behavioral.v:296$8.code[2:0]$134
   633/694: $1\coin_value$func$behavioral/vending_behavioral.v:296$8.$result[5:0]$133
   634/694: $1\coin_value$func$behavioral/vending_behavioral.v:295$7.code[2:0]$132
   635/694: $1\coin_value$func$behavioral/vending_behavioral.v:295$7.$result[5:0]$131
   636/694: $1\coin_value$func$behavioral/vending_behavioral.v:294$6.code[2:0]$130
   637/694: $1\coin_value$func$behavioral/vending_behavioral.v:294$6.$result[5:0]$129
   638/694: $1\greedy_return$func$behavioral/vending_behavioral.v:269$5.take[5:0]$128
   639/694: $1\greedy_return$func$behavioral/vending_behavioral.v:269$5.remain[5:0]$127
   640/694: $1\greedy_return$func$behavioral/vending_behavioral.v:269$5.returned[5:0]$126
   641/694: $1\greedy_return$func$behavioral/vending_behavioral.v:269$5.next01[5:0]$125
   642/694: $1\greedy_return$func$behavioral/vending_behavioral.v:269$5.next02[5:0]$124
   643/694: $1\greedy_return$func$behavioral/vending_behavioral.v:269$5.next05[5:0]$123
   644/694: $1\greedy_return$func$behavioral/vending_behavioral.v:269$5.next10[5:0]$122
   645/694: $1\greedy_return$func$behavioral/vending_behavioral.v:269$5.out01[5:0]$121
   646/694: $1\greedy_return$func$behavioral/vending_behavioral.v:269$5.out02[5:0]$120
   647/694: $1\greedy_return$func$behavioral/vending_behavioral.v:269$5.out05[5:0]$119
   648/694: $1\greedy_return$func$behavioral/vending_behavioral.v:269$5.out10[5:0]$118
   649/694: $1\greedy_return$func$behavioral/vending_behavioral.v:269$5.amount[5:0]$117
   650/694: $1\coin_value$func$behavioral/vending_behavioral.v:240$4.code[2:0]$116
   651/694: $1\coin_value$func$behavioral/vending_behavioral.v:240$4.$result[5:0]$115
   652/694: $1\coin_value$func$behavioral/vending_behavioral.v:239$3.code[2:0]$114
   653/694: $1\coin_value$func$behavioral/vending_behavioral.v:239$3.$result[5:0]$113
   654/694: $1\coin_value$func$behavioral/vending_behavioral.v:238$2.code[2:0]$112
   655/694: $1\coin_value$func$behavioral/vending_behavioral.v:238$2.$result[5:0]$111
   656/694: $1\greedy_return$func$behavioral/vending_behavioral.v:214$1.take[5:0]$110
   657/694: $1\greedy_return$func$behavioral/vending_behavioral.v:214$1.remain[5:0]$109
   658/694: $1\greedy_return$func$behavioral/vending_behavioral.v:214$1.returned[5:0]$108
   659/694: $1\greedy_return$func$behavioral/vending_behavioral.v:214$1.next01[5:0]$107
   660/694: $1\greedy_return$func$behavioral/vending_behavioral.v:214$1.next02[5:0]$106
   661/694: $1\greedy_return$func$behavioral/vending_behavioral.v:214$1.next05[5:0]$105
   662/694: $1\greedy_return$func$behavioral/vending_behavioral.v:214$1.next10[5:0]$104
   663/694: $1\greedy_return$func$behavioral/vending_behavioral.v:214$1.out01[5:0]$103
   664/694: $1\greedy_return$func$behavioral/vending_behavioral.v:214$1.out02[5:0]$102
   665/694: $1\greedy_return$func$behavioral/vending_behavioral.v:214$1.out05[5:0]$101
   666/694: $1\greedy_return$func$behavioral/vending_behavioral.v:214$1.out10[5:0]$100
   667/694: $1\greedy_return$func$behavioral/vending_behavioral.v:214$1.amount[5:0]$99
   668/694: $1\init_value[9:0]
   669/694: $1\greedy_returned[5:0]
   670/694: $1\greedy_next_10[5:0]
   671/694: $1\greedy_next_05[5:0]
   672/694: $1\greedy_next_02[5:0]
   673/694: $1\greedy_next_01[5:0]
   674/694: $1\greedy_out_10[5:0]
   675/694: $1\greedy_out_05[5:0]
   676/694: $1\greedy_out_02[5:0]
   677/694: $1\greedy_out_01[5:0]
   678/694: $0\current_price[5:0]
   679/694: $0\qty_c10[5:0]
   680/694: $0\qty_c05[5:0]
   681/694: $0\qty_c02[5:0]
   682/694: $0\qty_c01[5:0]
   683/694: $0\price_p4[5:0]
   684/694: $0\price_p3[5:0]
   685/694: $0\price_p2[5:0]
   686/694: $0\price_p1[5:0]
   687/694: $0\qty_p4[5:0]
   688/694: $0\qty_p3[5:0]
   689/694: $0\qty_p2[5:0]
   690/694: $0\qty_p1[5:0]
   691/694: $0\init_counter[3:0]
   692/694: $0\stato[1:0]
   693/694: $0\disponibile[9:0]
   694/694: $0\credito[5:0]

3.8. Executing PROC_DLATCH pass (convert process syncs to latches).

3.9. Executing PROC_DFF pass (convert process syncs to FFs).
Creating register for signal `\vending_behavioral.\credito' using process `\vending_behavioral.$proc$behavioral/vending_behavioral.v:118$13'.
  created $adff cell `$procdff$9284' with positive edge clock and negative level reset.
Creating register for signal `\vending_behavioral.\prodotto1' using process `\vending_behavioral.$proc$behavioral/vending_behavioral.v:118$13'.
  created $adff cell `$procdff$9285' with positive edge clock and negative level reset.
Creating register for signal `\vending_behavioral.\prodotto2' using process `\vending_behavioral.$proc$behavioral/vending_behavioral.v:118$13'.
  created $adff cell `$procdff$9286' with positive edge clock and negative level reset.
Creating register for signal `\vending_behavioral.\prodotto3' using process `\vending_behavioral.$proc$behavioral/vending_behavioral.v:118$13'.
  created $adff cell `$procdff$9287' with positive edge clock and negative level reset.
Creating register for signal `\vending_behavioral.\prodotto4' using process `\vending_behavioral.$proc$behavioral/vending_behavioral.v:118$13'.
  created $adff cell `$procdff$9288' with positive edge clock and negative level reset.
Creating register for signal `\vending_behavioral.\errore' using process `\vending_behavioral.$proc$behavioral/vending_behavioral.v:118$13'.
  created $adff cell `$procdff$9289' with positive edge clock and negative level reset.
Creating register for signal `\vending_behavioral.\resto' using process `\vending_behavioral.$proc$behavioral/vending_behavioral.v:118$13'.
  created $adff cell `$procdff$9290' with positive edge clock and negative level reset.
Creating register for signal `\vending_behavioral.\disponibile' using process `\vending_behavioral.$proc$behavioral/vending_behavioral.v:118$13'.
  created $adff cell `$procdff$9291' with positive edge clock and negative level reset.
Creating register for signal `\vending_behavioral.\coin_01' using process `\vending_behavioral.$proc$behavioral/vending_behavioral.v:118$13'.
  created $adff cell `$procdff$9292' with positive edge clock and negative level reset.
Creating register for signal `\vending_behavioral.\coin_02' using process `\vending_behavioral.$proc$behavioral/vending_behavioral.v:118$13'.
  created $adff cell `$procdff$9293' with positive edge clock and negative level reset.
Creating register for signal `\vending_behavioral.\coin_05' using process `\vending_behavioral.$proc$behavioral/vending_behavioral.v:118$13'.
  created $adff cell `$procdff$9294' with positive edge clock and negative level reset.
Creating register for signal `\vending_behavioral.\coin_10' using process `\vending_behavioral.$proc$behavioral/vending_behavioral.v:118$13'.
  created $adff cell `$procdff$9295' with positive edge clock and negative level reset.
Creating register for signal `\vending_behavioral.\stato' using process `\vending_behavioral.$proc$behavioral/vending_behavioral.v:118$13'.
  created $adff cell `$procdff$9296' with positive edge clock and negative level reset.
Creating register for signal `\vending_behavioral.\init_counter' using process `\vending_behavioral.$proc$behavioral/vending_behavioral.v:118$13'.
  created $adff cell `$procdff$9297' with positive edge clock and negative level reset.
Creating register for signal `\vending_behavioral.\qty_p1' using process `\vending_behavioral.$proc$behavioral/vending_behavioral.v:118$13'.
  created $adff cell `$procdff$9298' with positive edge clock and negative level reset.
Creating register for signal `\vending_behavioral.\qty_p2' using process `\vending_behavioral.$proc$behavioral/vending_behavioral.v:118$13'.
  created $adff cell `$procdff$9299' with positive edge clock and negative level reset.
Creating register for signal `\vending_behavioral.\qty_p3' using process `\vending_behavioral.$proc$behavioral/vending_behavioral.v:118$13'.
  created $adff cell `$procdff$9300' with positive edge clock and negative level reset.
Creating register for signal `\vending_behavioral.\qty_p4' using process `\vending_behavioral.$proc$behavioral/vending_behavioral.v:118$13'.
  created $adff cell `$procdff$9301' with positive edge clock and negative level reset.
Creating register for signal `\vending_behavioral.\price_p1' using process `\vending_behavioral.$proc$behavioral/vending_behavioral.v:118$13'.
  created $adff cell `$procdff$9302' with positive edge clock and negative level reset.
Creating register for signal `\vending_behavioral.\price_p2' using process `\vending_behavioral.$proc$behavioral/vending_behavioral.v:118$13'.
  created $adff cell `$procdff$9303' with positive edge clock and negative level reset.
Creating register for signal `\vending_behavioral.\price_p3' using process `\vending_behavioral.$proc$behavioral/vending_behavioral.v:118$13'.
  created $adff cell `$procdff$9304' with positive edge clock and negative level reset.
Creating register for signal `\vending_behavioral.\price_p4' using process `\vending_behavioral.$proc$behavioral/vending_behavioral.v:118$13'.
  created $adff cell `$procdff$9305' with positive edge clock and negative level reset.
Creating register for signal `\vending_behavioral.\qty_c01' using process `\vending_behavioral.$proc$behavioral/vending_behavioral.v:118$13'.
  created $adff cell `$procdff$9306' with positive edge clock and negative level reset.
Creating register for signal `\vending_behavioral.\qty_c02' using process `\vending_behavioral.$proc$behavioral/vending_behavioral.v:118$13'.
  created $adff cell `$procdff$9307' with positive edge clock and negative level reset.
Creating register for signal `\vending_behavioral.\qty_c05' using process `\vending_behavioral.$proc$behavioral/vending_behavioral.v:118$13'.
  created $adff cell `$procdff$9308' with positive edge clock and negative level reset.
Creating register for signal `\vending_behavioral.\qty_c10' using process `\vending_behavioral.$proc$behavioral/vending_behavioral.v:118$13'.
  created $adff cell `$procdff$9309' with positive edge clock and negative level reset.
Creating register for signal `\vending_behavioral.\current_price' using process `\vending_behavioral.$proc$behavioral/vending_behavioral.v:118$13'.
  created $adff cell `$procdff$9310' with positive edge clock and negative level reset.
Creating register for signal `\vending_behavioral.\greedy_out_01' using process `\vending_behavioral.$proc$behavioral/vending_behavioral.v:118$13'.
  created $dff cell `$procdff$9313' with positive edge clock.
Creating register for signal `\vending_behavioral.\greedy_out_02' using process `\vending_behavioral.$proc$behavioral/vending_behavioral.v:118$13'.
  created $dff cell `$procdff$9316' with positive edge clock.
Creating register for signal `\vending_behavioral.\greedy_out_05' using process `\vending_behavioral.$proc$behavioral/vending_behavioral.v:118$13'.
  created $dff cell `$procdff$9319' with positive edge clock.
Creating register for signal `\vending_behavioral.\greedy_out_10' using process `\vending_behavioral.$proc$behavioral/vending_behavioral.v:118$13'.
  created $dff cell `$procdff$9322' with positive edge clock.
Creating register for signal `\vending_behavioral.\greedy_next_01' using process `\vending_behavioral.$proc$behavioral/vending_behavioral.v:118$13'.
  created $dff cell `$procdff$9325' with positive edge clock.
Creating register for signal `\vending_behavioral.\greedy_next_02' using process `\vending_behavioral.$proc$behavioral/vending_behavioral.v:118$13'.
  created $dff cell `$procdff$9328' with positive edge clock.
Creating register for signal `\vending_behavioral.\greedy_next_05' using process `\vending_behavioral.$proc$behavioral/vending_behavioral.v:118$13'.
  created $dff cell `$procdff$9331' with positive edge clock.
Creating register for signal `\vending_behavioral.\greedy_next_10' using process `\vending_behavioral.$proc$behavioral/vending_behavioral.v:118$13'.
  created $dff cell `$procdff$9334' with positive edge clock.
Creating register for signal `\vending_behavioral.\greedy_returned' using process `\vending_behavioral.$proc$behavioral/vending_behavioral.v:118$13'.
  created $dff cell `$procdff$9337' with positive edge clock.
Creating register for signal `\vending_behavioral.\init_value' using process `\vending_behavioral.$proc$behavioral/vending_behavioral.v:118$13'.
  created $dff cell `$procdff$9340' with positive edge clock.
Creating register for signal `\vending_behavioral.\greedy_return$func$behavioral/vending_behavioral.v:214$1.amount' using process `\vending_behavioral.$proc$behavioral/vending_behavioral.v:118$13'.
  created $adff cell `$procdff$9341' with positive edge clock and negative level reset.
Creating register for signal `\vending_behavioral.\greedy_return$func$behavioral/vending_behavioral.v:214$1.out10' using process `\vending_behavioral.$proc$behavioral/vending_behavioral.v:118$13'.
  created $adff cell `$procdff$9342' with positive edge clock and negative level reset.
Creating register for signal `\vending_behavioral.\greedy_return$func$behavioral/vending_behavioral.v:214$1.out05' using process `\vending_behavioral.$proc$behavioral/vending_behavioral.v:118$13'.
  created $adff cell `$procdff$9343' with positive edge clock and negative level reset.
Creating register for signal `\vending_behavioral.\greedy_return$func$behavioral/vending_behavioral.v:214$1.out02' using process `\vending_behavioral.$proc$behavioral/vending_behavioral.v:118$13'.
  created $adff cell `$procdff$9344' with positive edge clock and negative level reset.
Creating register for signal `\vending_behavioral.\greedy_return$func$behavioral/vending_behavioral.v:214$1.out01' using process `\vending_behavioral.$proc$behavioral/vending_behavioral.v:118$13'.
  created $adff cell `$procdff$9345' with positive edge clock and negative level reset.
Creating register for signal `\vending_behavioral.\greedy_return$func$behavioral/vending_behavioral.v:214$1.next10' using process `\vending_behavioral.$proc$behavioral/vending_behavioral.v:118$13'.
  created $adff cell `$procdff$9346' with positive edge clock and negative level reset.
Creating register for signal `\vending_behavioral.\greedy_return$func$behavioral/vending_behavioral.v:214$1.next05' using process `\vending_behavioral.$proc$behavioral/vending_behavioral.v:118$13'.
  created $adff cell `$procdff$9347' with positive edge clock and negative level reset.
Creating register for signal `\vending_behavioral.\greedy_return$func$behavioral/vending_behavioral.v:214$1.next02' using process `\vending_behavioral.$proc$behavioral/vending_behavioral.v:118$13'.
  created $adff cell `$procdff$9348' with positive edge clock and negative level reset.
Creating register for signal `\vending_behavioral.\greedy_return$func$behavioral/vending_behavioral.v:214$1.next01' using process `\vending_behavioral.$proc$behavioral/vending_behavioral.v:118$13'.
  created $adff cell `$procdff$9349' with positive edge clock and negative level reset.
Creating register for signal `\vending_behavioral.\greedy_return$func$behavioral/vending_behavioral.v:214$1.returned' using process `\vending_behavioral.$proc$behavioral/vending_behavioral.v:118$13'.
  created $adff cell `$procdff$9350' with positive edge clock and negative level reset.
Creating register for signal `\vending_behavioral.\greedy_return$func$behavioral/vending_behavioral.v:214$1.remain' using process `\vending_behavioral.$proc$behavioral/vending_behavioral.v:118$13'.
  created $adff cell `$procdff$9351' with positive edge clock and negative level reset.
Creating register for signal `\vending_behavioral.\greedy_return$func$behavioral/vending_behavioral.v:214$1.take' using process `\vending_behavioral.$proc$behavioral/vending_behavioral.v:118$13'.
  created $adff cell `$procdff$9352' with positive edge clock and negative level reset.
Creating register for signal `\vending_behavioral.\coin_value$func$behavioral/vending_behavioral.v:238$2.$result' using process `\vending_behavioral.$proc$behavioral/vending_behavioral.v:118$13'.
  created $adff cell `$procdff$9353' with positive edge clock and negative level reset.
Creating register for signal `\vending_behavioral.\coin_value$func$behavioral/vending_behavioral.v:238$2.code' using process `\vending_behavioral.$proc$behavioral/vending_behavioral.v:118$13'.
  created $adff cell `$procdff$9354' with positive edge clock and negative level reset.
Creating register for signal `\vending_behavioral.\coin_value$func$behavioral/vending_behavioral.v:239$3.$result' using process `\vending_behavioral.$proc$behavioral/vending_behavioral.v:118$13'.
  created $adff cell `$procdff$9355' with positive edge clock and negative level reset.
Creating register for signal `\vending_behavioral.\coin_value$func$behavioral/vending_behavioral.v:239$3.code' using process `\vending_behavioral.$proc$behavioral/vending_behavioral.v:118$13'.
  created $adff cell `$procdff$9356' with positive edge clock and negative level reset.
Creating register for signal `\vending_behavioral.\coin_value$func$behavioral/vending_behavioral.v:240$4.$result' using process `\vending_behavioral.$proc$behavioral/vending_behavioral.v:118$13'.
  created $adff cell `$procdff$9357' with positive edge clock and negative level reset.
Creating register for signal `\vending_behavioral.\coin_value$func$behavioral/vending_behavioral.v:240$4.code' using process `\vending_behavioral.$proc$behavioral/vending_behavioral.v:118$13'.
  created $adff cell `$procdff$9358' with positive edge clock and negative level reset.
Creating register for signal `\vending_behavioral.\greedy_return$func$behavioral/vending_behavioral.v:269$5.amount' using process `\vending_behavioral.$proc$behavioral/vending_behavioral.v:118$13'.
  created $adff cell `$procdff$9359' with positive edge clock and negative level reset.
Creating register for signal `\vending_behavioral.\greedy_return$func$behavioral/vending_behavioral.v:269$5.out10' using process `\vending_behavioral.$proc$behavioral/vending_behavioral.v:118$13'.
  created $adff cell `$procdff$9360' with positive edge clock and negative level reset.
Creating register for signal `\vending_behavioral.\greedy_return$func$behavioral/vending_behavioral.v:269$5.out05' using process `\vending_behavioral.$proc$behavioral/vending_behavioral.v:118$13'.
  created $adff cell `$procdff$9361' with positive edge clock and negative level reset.
Creating register for signal `\vending_behavioral.\greedy_return$func$behavioral/vending_behavioral.v:269$5.out02' using process `\vending_behavioral.$proc$behavioral/vending_behavioral.v:118$13'.
  created $adff cell `$procdff$9362' with positive edge clock and negative level reset.
Creating register for signal `\vending_behavioral.\greedy_return$func$behavioral/vending_behavioral.v:269$5.out01' using process `\vending_behavioral.$proc$behavioral/vending_behavioral.v:118$13'.
  created $adff cell `$procdff$9363' with positive edge clock and negative level reset.
Creating register for signal `\vending_behavioral.\greedy_return$func$behavioral/vending_behavioral.v:269$5.next10' using process `\vending_behavioral.$proc$behavioral/vending_behavioral.v:118$13'.
  created $adff cell `$procdff$9364' with positive edge clock and negative level reset.
Creating register for signal `\vending_behavioral.\greedy_return$func$behavioral/vending_behavioral.v:269$5.next05' using process `\vending_behavioral.$proc$behavioral/vending_behavioral.v:118$13'.
  created $adff cell `$procdff$9365' with positive edge clock and negative level reset.
Creating register for signal `\vending_behavioral.\greedy_return$func$behavioral/vending_behavioral.v:269$5.next02' using process `\vending_behavioral.$proc$behavioral/vending_behavioral.v:118$13'.
  created $adff cell `$procdff$9366' with positive edge clock and negative level reset.
Creating register for signal `\vending_behavioral.\greedy_return$func$behavioral/vending_behavioral.v:269$5.next01' using process `\vending_behavioral.$proc$behavioral/vending_behavioral.v:118$13'.
  created $adff cell `$procdff$9367' with positive edge clock and negative level reset.
Creating register for signal `\vending_behavioral.\greedy_return$func$behavioral/vending_behavioral.v:269$5.returned' using process `\vending_behavioral.$proc$behavioral/vending_behavioral.v:118$13'.
  created $adff cell `$procdff$9368' with positive edge clock and negative level reset.
Creating register for signal `\vending_behavioral.\greedy_return$func$behavioral/vending_behavioral.v:269$5.remain' using process `\vending_behavioral.$proc$behavioral/vending_behavioral.v:118$13'.
  created $adff cell `$procdff$9369' with positive edge clock and negative level reset.
Creating register for signal `\vending_behavioral.\greedy_return$func$behavioral/vending_behavioral.v:269$5.take' using process `\vending_behavioral.$proc$behavioral/vending_behavioral.v:118$13'.
  created $adff cell `$procdff$9370' with positive edge clock and negative level reset.
Creating register for signal `\vending_behavioral.\coin_value$func$behavioral/vending_behavioral.v:294$6.$result' using process `\vending_behavioral.$proc$behavioral/vending_behavioral.v:118$13'.
  created $adff cell `$procdff$9371' with positive edge clock and negative level reset.
Creating register for signal `\vending_behavioral.\coin_value$func$behavioral/vending_behavioral.v:294$6.code' using process `\vending_behavioral.$proc$behavioral/vending_behavioral.v:118$13'.
  created $adff cell `$procdff$9372' with positive edge clock and negative level reset.
Creating register for signal `\vending_behavioral.\coin_value$func$behavioral/vending_behavioral.v:295$7.$result' using process `\vending_behavioral.$proc$behavioral/vending_behavioral.v:118$13'.
  created $adff cell `$procdff$9373' with positive edge clock and negative level reset.
Creating register for signal `\vending_behavioral.\coin_value$func$behavioral/vending_behavioral.v:295$7.code' using process `\vending_behavioral.$proc$behavioral/vending_behavioral.v:118$13'.
  created $adff cell `$procdff$9374' with positive edge clock and negative level reset.
Creating register for signal `\vending_behavioral.\coin_value$func$behavioral/vending_behavioral.v:296$8.$result' using process `\vending_behavioral.$proc$behavioral/vending_behavioral.v:118$13'.
  created $adff cell `$procdff$9375' with positive edge clock and negative level reset.
Creating register for signal `\vending_behavioral.\coin_value$func$behavioral/vending_behavioral.v:296$8.code' using process `\vending_behavioral.$proc$behavioral/vending_behavioral.v:118$13'.
  created $adff cell `$procdff$9376' with positive edge clock and negative level reset.
Creating register for signal `\vending_behavioral.\greedy_return$func$behavioral/vending_behavioral.v:320$9.amount' using process `\vending_behavioral.$proc$behavioral/vending_behavioral.v:118$13'.
  created $adff cell `$procdff$9377' with positive edge clock and negative level reset.
Creating register for signal `\vending_behavioral.\greedy_return$func$behavioral/vending_behavioral.v:320$9.out10' using process `\vending_behavioral.$proc$behavioral/vending_behavioral.v:118$13'.
  created $adff cell `$procdff$9378' with positive edge clock and negative level reset.
Creating register for signal `\vending_behavioral.\greedy_return$func$behavioral/vending_behavioral.v:320$9.out05' using process `\vending_behavioral.$proc$behavioral/vending_behavioral.v:118$13'.
  created $adff cell `$procdff$9379' with positive edge clock and negative level reset.
Creating register for signal `\vending_behavioral.\greedy_return$func$behavioral/vending_behavioral.v:320$9.out02' using process `\vending_behavioral.$proc$behavioral/vending_behavioral.v:118$13'.
  created $adff cell `$procdff$9380' with positive edge clock and negative level reset.
Creating register for signal `\vending_behavioral.\greedy_return$func$behavioral/vending_behavioral.v:320$9.out01' using process `\vending_behavioral.$proc$behavioral/vending_behavioral.v:118$13'.
  created $adff cell `$procdff$9381' with positive edge clock and negative level reset.
Creating register for signal `\vending_behavioral.\greedy_return$func$behavioral/vending_behavioral.v:320$9.next10' using process `\vending_behavioral.$proc$behavioral/vending_behavioral.v:118$13'.
  created $adff cell `$procdff$9382' with positive edge clock and negative level reset.
Creating register for signal `\vending_behavioral.\greedy_return$func$behavioral/vending_behavioral.v:320$9.next05' using process `\vending_behavioral.$proc$behavioral/vending_behavioral.v:118$13'.
  created $adff cell `$procdff$9383' with positive edge clock and negative level reset.
Creating register for signal `\vending_behavioral.\greedy_return$func$behavioral/vending_behavioral.v:320$9.next02' using process `\vending_behavioral.$proc$behavioral/vending_behavioral.v:118$13'.
  created $adff cell `$procdff$9384' with positive edge clock and negative level reset.
Creating register for signal `\vending_behavioral.\greedy_return$func$behavioral/vending_behavioral.v:320$9.next01' using process `\vending_behavioral.$proc$behavioral/vending_behavioral.v:118$13'.
  created $adff cell `$procdff$9385' with positive edge clock and negative level reset.
Creating register for signal `\vending_behavioral.\greedy_return$func$behavioral/vending_behavioral.v:320$9.returned' using process `\vending_behavioral.$proc$behavioral/vending_behavioral.v:118$13'.
  created $adff cell `$procdff$9386' with positive edge clock and negative level reset.
Creating register for signal `\vending_behavioral.\greedy_return$func$behavioral/vending_behavioral.v:320$9.remain' using process `\vending_behavioral.$proc$behavioral/vending_behavioral.v:118$13'.
  created $adff cell `$procdff$9387' with positive edge clock and negative level reset.
Creating register for signal `\vending_behavioral.\greedy_return$func$behavioral/vending_behavioral.v:320$9.take' using process `\vending_behavioral.$proc$behavioral/vending_behavioral.v:118$13'.
  created $adff cell `$procdff$9388' with positive edge clock and negative level reset.
Creating register for signal `\vending_behavioral.\greedy_return$func$behavioral/vending_behavioral.v:362$10.amount' using process `\vending_behavioral.$proc$behavioral/vending_behavioral.v:118$13'.
  created $adff cell `$procdff$9389' with positive edge clock and negative level reset.
Creating register for signal `\vending_behavioral.\greedy_return$func$behavioral/vending_behavioral.v:362$10.out10' using process `\vending_behavioral.$proc$behavioral/vending_behavioral.v:118$13'.
  created $adff cell `$procdff$9390' with positive edge clock and negative level reset.
Creating register for signal `\vending_behavioral.\greedy_return$func$behavioral/vending_behavioral.v:362$10.out05' using process `\vending_behavioral.$proc$behavioral/vending_behavioral.v:118$13'.
  created $adff cell `$procdff$9391' with positive edge clock and negative level reset.
Creating register for signal `\vending_behavioral.\greedy_return$func$behavioral/vending_behavioral.v:362$10.out02' using process `\vending_behavioral.$proc$behavioral/vending_behavioral.v:118$13'.
  created $adff cell `$procdff$9392' with positive edge clock and negative level reset.
Creating register for signal `\vending_behavioral.\greedy_return$func$behavioral/vending_behavioral.v:362$10.out01' using process `\vending_behavioral.$proc$behavioral/vending_behavioral.v:118$13'.
  created $adff cell `$procdff$9393' with positive edge clock and negative level reset.
Creating register for signal `\vending_behavioral.\greedy_return$func$behavioral/vending_behavioral.v:362$10.next10' using process `\vending_behavioral.$proc$behavioral/vending_behavioral.v:118$13'.
  created $adff cell `$procdff$9394' with positive edge clock and negative level reset.
Creating register for signal `\vending_behavioral.\greedy_return$func$behavioral/vending_behavioral.v:362$10.next05' using process `\vending_behavioral.$proc$behavioral/vending_behavioral.v:118$13'.
  created $adff cell `$procdff$9395' with positive edge clock and negative level reset.
Creating register for signal `\vending_behavioral.\greedy_return$func$behavioral/vending_behavioral.v:362$10.next02' using process `\vending_behavioral.$proc$behavioral/vending_behavioral.v:118$13'.
  created $adff cell `$procdff$9396' with positive edge clock and negative level reset.
Creating register for signal `\vending_behavioral.\greedy_return$func$behavioral/vending_behavioral.v:362$10.next01' using process `\vending_behavioral.$proc$behavioral/vending_behavioral.v:118$13'.
  created $adff cell `$procdff$9397' with positive edge clock and negative level reset.
Creating register for signal `\vending_behavioral.\greedy_return$func$behavioral/vending_behavioral.v:362$10.returned' using process `\vending_behavioral.$proc$behavioral/vending_behavioral.v:118$13'.
  created $adff cell `$procdff$9398' with positive edge clock and negative level reset.
Creating register for signal `\vending_behavioral.\greedy_return$func$behavioral/vending_behavioral.v:362$10.remain' using process `\vending_behavioral.$proc$behavioral/vending_behavioral.v:118$13'.
  created $adff cell `$procdff$9399' with positive edge clock and negative level reset.
Creating register for signal `\vending_behavioral.\greedy_return$func$behavioral/vending_behavioral.v:362$10.take' using process `\vending_behavioral.$proc$behavioral/vending_behavioral.v:118$13'.
  created $adff cell `$procdff$9400' with positive edge clock and negative level reset.
Creating register for signal `\vending_behavioral.\greedy_return$func$behavioral/vending_behavioral.v:404$11.amount' using process `\vending_behavioral.$proc$behavioral/vending_behavioral.v:118$13'.
  created $adff cell `$procdff$9401' with positive edge clock and negative level reset.
Creating register for signal `\vending_behavioral.\greedy_return$func$behavioral/vending_behavioral.v:404$11.out10' using process `\vending_behavioral.$proc$behavioral/vending_behavioral.v:118$13'.
  created $adff cell `$procdff$9402' with positive edge clock and negative level reset.
Creating register for signal `\vending_behavioral.\greedy_return$func$behavioral/vending_behavioral.v:404$11.out05' using process `\vending_behavioral.$proc$behavioral/vending_behavioral.v:118$13'.
  created $adff cell `$procdff$9403' with positive edge clock and negative level reset.
Creating register for signal `\vending_behavioral.\greedy_return$func$behavioral/vending_behavioral.v:404$11.out02' using process `\vending_behavioral.$proc$behavioral/vending_behavioral.v:118$13'.
  created $adff cell `$procdff$9404' with positive edge clock and negative level reset.
Creating register for signal `\vending_behavioral.\greedy_return$func$behavioral/vending_behavioral.v:404$11.out01' using process `\vending_behavioral.$proc$behavioral/vending_behavioral.v:118$13'.
  created $adff cell `$procdff$9405' with positive edge clock and negative level reset.
Creating register for signal `\vending_behavioral.\greedy_return$func$behavioral/vending_behavioral.v:404$11.next10' using process `\vending_behavioral.$proc$behavioral/vending_behavioral.v:118$13'.
  created $adff cell `$procdff$9406' with positive edge clock and negative level reset.
Creating register for signal `\vending_behavioral.\greedy_return$func$behavioral/vending_behavioral.v:404$11.next05' using process `\vending_behavioral.$proc$behavioral/vending_behavioral.v:118$13'.
  created $adff cell `$procdff$9407' with positive edge clock and negative level reset.
Creating register for signal `\vending_behavioral.\greedy_return$func$behavioral/vending_behavioral.v:404$11.next02' using process `\vending_behavioral.$proc$behavioral/vending_behavioral.v:118$13'.
  created $adff cell `$procdff$9408' with positive edge clock and negative level reset.
Creating register for signal `\vending_behavioral.\greedy_return$func$behavioral/vending_behavioral.v:404$11.next01' using process `\vending_behavioral.$proc$behavioral/vending_behavioral.v:118$13'.
  created $adff cell `$procdff$9409' with positive edge clock and negative level reset.
Creating register for signal `\vending_behavioral.\greedy_return$func$behavioral/vending_behavioral.v:404$11.returned' using process `\vending_behavioral.$proc$behavioral/vending_behavioral.v:118$13'.
  created $adff cell `$procdff$9410' with positive edge clock and negative level reset.
Creating register for signal `\vending_behavioral.\greedy_return$func$behavioral/vending_behavioral.v:404$11.remain' using process `\vending_behavioral.$proc$behavioral/vending_behavioral.v:118$13'.
  created $adff cell `$procdff$9411' with positive edge clock and negative level reset.
Creating register for signal `\vending_behavioral.\greedy_return$func$behavioral/vending_behavioral.v:404$11.take' using process `\vending_behavioral.$proc$behavioral/vending_behavioral.v:118$13'.
  created $adff cell `$procdff$9412' with positive edge clock and negative level reset.
Creating register for signal `\vending_behavioral.\greedy_return$func$behavioral/vending_behavioral.v:446$12.amount' using process `\vending_behavioral.$proc$behavioral/vending_behavioral.v:118$13'.
  created $adff cell `$procdff$9413' with positive edge clock and negative level reset.
Creating register for signal `\vending_behavioral.\greedy_return$func$behavioral/vending_behavioral.v:446$12.out10' using process `\vending_behavioral.$proc$behavioral/vending_behavioral.v:118$13'.
  created $adff cell `$procdff$9414' with positive edge clock and negative level reset.
Creating register for signal `\vending_behavioral.\greedy_return$func$behavioral/vending_behavioral.v:446$12.out05' using process `\vending_behavioral.$proc$behavioral/vending_behavioral.v:118$13'.
  created $adff cell `$procdff$9415' with positive edge clock and negative level reset.
Creating register for signal `\vending_behavioral.\greedy_return$func$behavioral/vending_behavioral.v:446$12.out02' using process `\vending_behavioral.$proc$behavioral/vending_behavioral.v:118$13'.
  created $adff cell `$procdff$9416' with positive edge clock and negative level reset.
Creating register for signal `\vending_behavioral.\greedy_return$func$behavioral/vending_behavioral.v:446$12.out01' using process `\vending_behavioral.$proc$behavioral/vending_behavioral.v:118$13'.
  created $adff cell `$procdff$9417' with positive edge clock and negative level reset.
Creating register for signal `\vending_behavioral.\greedy_return$func$behavioral/vending_behavioral.v:446$12.next10' using process `\vending_behavioral.$proc$behavioral/vending_behavioral.v:118$13'.
  created $adff cell `$procdff$9418' with positive edge clock and negative level reset.
Creating register for signal `\vending_behavioral.\greedy_return$func$behavioral/vending_behavioral.v:446$12.next05' using process `\vending_behavioral.$proc$behavioral/vending_behavioral.v:118$13'.
  created $adff cell `$procdff$9419' with positive edge clock and negative level reset.
Creating register for signal `\vending_behavioral.\greedy_return$func$behavioral/vending_behavioral.v:446$12.next02' using process `\vending_behavioral.$proc$behavioral/vending_behavioral.v:118$13'.
  created $adff cell `$procdff$9420' with positive edge clock and negative level reset.
Creating register for signal `\vending_behavioral.\greedy_return$func$behavioral/vending_behavioral.v:446$12.next01' using process `\vending_behavioral.$proc$behavioral/vending_behavioral.v:118$13'.
  created $adff cell `$procdff$9421' with positive edge clock and negative level reset.
Creating register for signal `\vending_behavioral.\greedy_return$func$behavioral/vending_behavioral.v:446$12.returned' using process `\vending_behavioral.$proc$behavioral/vending_behavioral.v:118$13'.
  created $adff cell `$procdff$9422' with positive edge clock and negative level reset.
Creating register for signal `\vending_behavioral.\greedy_return$func$behavioral/vending_behavioral.v:446$12.remain' using process `\vending_behavioral.$proc$behavioral/vending_behavioral.v:118$13'.
  created $adff cell `$procdff$9423' with positive edge clock and negative level reset.
Creating register for signal `\vending_behavioral.\greedy_return$func$behavioral/vending_behavioral.v:446$12.take' using process `\vending_behavioral.$proc$behavioral/vending_behavioral.v:118$13'.
  created $adff cell `$procdff$9424' with positive edge clock and negative level reset.

3.10. Executing PROC_MEMWR pass (convert process memory writes to cells).

3.11. Executing PROC_CLEAN pass (remove empty switches from decision trees).
Found and cleaned up 59 empty switches in `\vending_behavioral.$proc$behavioral/vending_behavioral.v:118$13'.
Removing empty process `vending_behavioral.$proc$behavioral/vending_behavioral.v:118$13'.
Cleaned up 59 empty switches.

3.12. Executing OPT_EXPR pass (perform const folding).
Optimizing module vending_behavioral.
<suppressed ~132 debug messages>

4. Executing OPT pass (performing simple optimizations).

4.1. Executing OPT_EXPR pass (perform const folding).
Optimizing module vending_behavioral.
<suppressed ~30 debug messages>

4.2. Executing OPT_MERGE pass (detect identical cells).
Finding identical cells in module `\vending_behavioral'.
<suppressed ~4149 debug messages>
Removed a total of 1383 cells.

4.3. Executing OPT_MUXTREE pass (detect dead branches in mux trees).
Running muxtree optimizer on module \vending_behavioral..
  Creating internal representation of mux trees.
  Evaluating internal representation of mux trees.
  Analyzing evaluation results.
    dead port 2/2 on $mux $procmux$7055.
    dead port 2/2 on $mux $procmux$7049.
    dead port 1/5 on $pmux $procmux$8318.
    dead port 2/5 on $pmux $procmux$8318.
    dead port 3/5 on $pmux $procmux$8318.
    dead port 4/5 on $pmux $procmux$8318.
    dead port 5/5 on $pmux $procmux$8318.
    dead port 2/2 on $mux $procmux$7043.
    dead port 2/2 on $mux $procmux$7037.
    dead port 2/2 on $mux $procmux$7031.
    dead port 2/2 on $mux $procmux$7025.
    dead port 2/2 on $mux $procmux$7019.
    dead port 1/5 on $pmux $procmux$8313.
    dead port 2/5 on $pmux $procmux$8313.
    dead port 3/5 on $pmux $procmux$8313.
    dead port 4/5 on $pmux $procmux$8313.
    dead port 5/5 on $pmux $procmux$8313.
    dead port 2/2 on $mux $procmux$7013.
    dead port 1/5 on $pmux $procmux$8308.
    dead port 2/5 on $pmux $procmux$8308.
    dead port 3/5 on $pmux $procmux$8308.
    dead port 4/5 on $pmux $procmux$8308.
    dead port 5/5 on $pmux $procmux$8308.
    dead port 1/5 on $pmux $procmux$8303.
    dead port 2/5 on $pmux $procmux$8303.
    dead port 3/5 on $pmux $procmux$8303.
    dead port 4/5 on $pmux $procmux$8303.
    dead port 5/5 on $pmux $procmux$8303.
    dead port 2/2 on $mux $procmux$6959.
    dead port 1/2 on $mux $procmux$6957.
    dead port 2/2 on $mux $procmux$6950.
    dead port 1/2 on $mux $procmux$6948.
    dead port 2/2 on $mux $procmux$6941.
    dead port 1/2 on $mux $procmux$6939.
    dead port 2/2 on $mux $procmux$6932.
    dead port 1/2 on $mux $procmux$6930.
    dead port 2/2 on $mux $procmux$6923.
    dead port 1/5 on $pmux $procmux$8298.
    dead port 2/5 on $pmux $procmux$8298.
    dead port 3/5 on $pmux $procmux$8298.
    dead port 4/5 on $pmux $procmux$8298.
    dead port 5/5 on $pmux $procmux$8298.
    dead port 1/2 on $mux $procmux$6921.
    dead port 2/2 on $mux $procmux$6914.
    dead port 1/2 on $mux $procmux$6912.
    dead port 2/2 on $mux $procmux$6905.
    dead port 1/2 on $mux $procmux$6903.
    dead port 2/2 on $mux $procmux$6896.
    dead port 1/2 on $mux $procmux$6894.
    dead port 2/2 on $mux $procmux$6887.
    dead port 1/2 on $mux $procmux$6885.
    dead port 1/2 on $mux $procmux$6878.
    dead port 2/2 on $mux $procmux$6878.
    dead port 1/5 on $pmux $procmux$8293.
    dead port 2/5 on $pmux $procmux$8293.
    dead port 3/5 on $pmux $procmux$8293.
    dead port 4/5 on $pmux $procmux$8293.
    dead port 5/5 on $pmux $procmux$8293.
    dead port 1/2 on $mux $procmux$6876.
    dead port 2/2 on $mux $procmux$6876.
    dead port 1/2 on $mux $procmux$6873.
    dead port 2/2 on $mux $procmux$6873.
    dead port 1/2 on $mux $procmux$6869.
    dead port 2/2 on $mux $procmux$6869.
    dead port 1/2 on $mux $procmux$6867.
    dead port 2/2 on $mux $procmux$6867.
    dead port 1/2 on $mux $procmux$6864.
    dead port 2/2 on $mux $procmux$6864.
    dead port 1/2 on $mux $procmux$6860.
    dead port 2/2 on $mux $procmux$6860.
    dead port 1/2 on $mux $procmux$6858.
    dead port 2/2 on $mux $procmux$6858.
    dead port 1/2 on $mux $procmux$6855.
    dead port 2/2 on $mux $procmux$6855.
    dead port 1/2 on $mux $procmux$6851.
    dead port 2/2 on $mux $procmux$6851.
    dead port 1/2 on $mux $procmux$6849.
    dead port 2/2 on $mux $procmux$6849.
    dead port 1/2 on $mux $procmux$6846.
    dead port 2/2 on $mux $procmux$6846.
    dead port 1/2 on $mux $procmux$6842.
    dead port 2/2 on $mux $procmux$6842.
    dead port 1/2 on $mux $procmux$6840.
    dead port 2/2 on $mux $procmux$6840.
    dead port 1/2 on $mux $procmux$6837.
    dead port 2/2 on $mux $procmux$6837.
    dead port 1/2 on $mux $procmux$6833.
    dead port 2/2 on $mux $procmux$6833.
    dead port 1/5 on $pmux $procmux$8288.
    dead port 2/5 on $pmux $procmux$8288.
    dead port 3/5 on $pmux $procmux$8288.
    dead port 4/5 on $pmux $procmux$8288.
    dead port 5/5 on $pmux $procmux$8288.
    dead port 1/2 on $mux $procmux$6831.
    dead port 2/2 on $mux $procmux$6831.
    dead port 1/2 on $mux $procmux$6828.
    dead port 2/2 on $mux $procmux$6828.
    dead port 1/2 on $mux $procmux$6824.
    dead port 2/2 on $mux $procmux$6824.
    dead port 1/2 on $mux $procmux$6822.
    dead port 2/2 on $mux $procmux$6822.
    dead port 1/2 on $mux $procmux$6819.
    dead port 2/2 on $mux $procmux$6819.
    dead port 1/2 on $mux $procmux$6815.
    dead port 2/2 on $mux $procmux$6815.
    dead port 1/2 on $mux $procmux$6813.
    dead port 2/2 on $mux $procmux$6813.
    dead port 1/2 on $mux $procmux$6810.
    dead port 2/2 on $mux $procmux$6810.
    dead port 1/2 on $mux $procmux$6806.
    dead port 2/2 on $mux $procmux$6806.
    dead port 1/2 on $mux $procmux$6804.
    dead port 2/2 on $mux $procmux$6804.
    dead port 1/2 on $mux $procmux$6801.
    dead port 2/2 on $mux $procmux$6801.
    dead port 1/2 on $mux $procmux$6797.
    dead port 2/2 on $mux $procmux$6797.
    dead port 1/2 on $mux $procmux$6795.
    dead port 2/2 on $mux $procmux$6795.
    dead port 1/2 on $mux $procmux$6792.
    dead port 2/2 on $mux $procmux$6792.
    dead port 1/2 on $mux $procmux$6788.
    dead port 2/2 on $mux $procmux$6788.
    dead port 1/5 on $pmux $procmux$8283.
    dead port 2/5 on $pmux $procmux$8283.
    dead port 3/5 on $pmux $procmux$8283.
    dead port 4/5 on $pmux $procmux$8283.
    dead port 5/5 on $pmux $procmux$8283.
    dead port 1/2 on $mux $procmux$6786.
    dead port 2/2 on $mux $procmux$6786.
    dead port 1/2 on $mux $procmux$6783.
    dead port 2/2 on $mux $procmux$6783.
    dead port 1/2 on $mux $procmux$6779.
    dead port 2/2 on $mux $procmux$6779.
    dead port 1/2 on $mux $procmux$6777.
    dead port 2/2 on $mux $procmux$6777.
    dead port 1/2 on $mux $procmux$6774.
    dead port 2/2 on $mux $procmux$6774.
    dead port 1/2 on $mux $procmux$6770.
    dead port 2/2 on $mux $procmux$6770.
    dead port 1/2 on $mux $procmux$6768.
    dead port 2/2 on $mux $procmux$6768.
    dead port 1/2 on $mux $procmux$6765.
    dead port 2/2 on $mux $procmux$6765.
    dead port 1/2 on $mux $procmux$6761.
    dead port 2/2 on $mux $procmux$6761.
    dead port 1/2 on $mux $procmux$6759.
    dead port 2/2 on $mux $procmux$6759.
    dead port 1/2 on $mux $procmux$6756.
    dead port 2/2 on $mux $procmux$6756.
    dead port 1/2 on $mux $procmux$6752.
    dead port 2/2 on $mux $procmux$6752.
    dead port 1/2 on $mux $procmux$6750.
    dead port 2/2 on $mux $procmux$6750.
    dead port 1/2 on $mux $procmux$6747.
    dead port 2/2 on $mux $procmux$6747.
    dead port 1/2 on $mux $procmux$6743.
    dead port 2/2 on $mux $procmux$6743.
    dead port 1/5 on $pmux $procmux$8278.
    dead port 2/5 on $pmux $procmux$8278.
    dead port 3/5 on $pmux $procmux$8278.
    dead port 4/5 on $pmux $procmux$8278.
    dead port 5/5 on $pmux $procmux$8278.
    dead port 1/2 on $mux $procmux$6741.
    dead port 2/2 on $mux $procmux$6741.
    dead port 1/2 on $mux $procmux$6738.
    dead port 2/2 on $mux $procmux$6738.
    dead port 1/2 on $mux $procmux$6734.
    dead port 2/2 on $mux $procmux$6734.
    dead port 1/2 on $mux $procmux$6732.
    dead port 2/2 on $mux $procmux$6732.
    dead port 1/2 on $mux $procmux$6729.
    dead port 2/2 on $mux $procmux$6729.
    dead port 1/2 on $mux $procmux$6725.
    dead port 2/2 on $mux $procmux$6725.
    dead port 1/2 on $mux $procmux$6723.
    dead port 2/2 on $mux $procmux$6723.
    dead port 1/2 on $mux $procmux$6720.
    dead port 2/2 on $mux $procmux$6720.
    dead port 1/2 on $mux $procmux$6716.
    dead port 2/2 on $mux $procmux$6716.
    dead port 1/2 on $mux $procmux$6714.
    dead port 2/2 on $mux $procmux$6714.
    dead port 1/2 on $mux $procmux$6711.
    dead port 2/2 on $mux $procmux$6711.
    dead port 1/2 on $mux $procmux$6707.
    dead port 2/2 on $mux $procmux$6707.
    dead port 1/2 on $mux $procmux$6705.
    dead port 2/2 on $mux $procmux$6705.
    dead port 1/2 on $mux $procmux$6702.
    dead port 2/2 on $mux $procmux$6702.
    dead port 1/2 on $mux $procmux$6698.
    dead port 2/2 on $mux $procmux$6698.
    dead port 1/5 on $pmux $procmux$8273.
    dead port 2/5 on $pmux $procmux$8273.
    dead port 3/5 on $pmux $procmux$8273.
    dead port 4/5 on $pmux $procmux$8273.
    dead port 5/5 on $pmux $procmux$8273.
    dead port 1/2 on $mux $procmux$6696.
    dead port 2/2 on $mux $procmux$6696.
    dead port 1/2 on $mux $procmux$6693.
    dead port 2/2 on $mux $procmux$6693.
    dead port 1/2 on $mux $procmux$6689.
    dead port 2/2 on $mux $procmux$6689.
    dead port 1/2 on $mux $procmux$6687.
    dead port 2/2 on $mux $procmux$6687.
    dead port 1/2 on $mux $procmux$6684.
    dead port 2/2 on $mux $procmux$6684.
    dead port 1/2 on $mux $procmux$6680.
    dead port 2/2 on $mux $procmux$6680.
    dead port 1/2 on $mux $procmux$6678.
    dead port 2/2 on $mux $procmux$6678.
    dead port 1/2 on $mux $procmux$6675.
    dead port 2/2 on $mux $procmux$6675.
    dead port 1/2 on $mux $procmux$6671.
    dead port 2/2 on $mux $procmux$6671.
    dead port 1/2 on $mux $procmux$6669.
    dead port 2/2 on $mux $procmux$6669.
    dead port 1/2 on $mux $procmux$6666.
    dead port 2/2 on $mux $procmux$6666.
    dead port 1/2 on $mux $procmux$6662.
    dead port 2/2 on $mux $procmux$6662.
    dead port 1/2 on $mux $procmux$6660.
    dead port 2/2 on $mux $procmux$6660.
    dead port 1/2 on $mux $procmux$6657.
    dead port 2/2 on $mux $procmux$6657.
    dead port 1/2 on $mux $procmux$6653.
    dead port 2/2 on $mux $procmux$6653.
    dead port 1/5 on $pmux $procmux$8268.
    dead port 2/5 on $pmux $procmux$8268.
    dead port 3/5 on $pmux $procmux$8268.
    dead port 4/5 on $pmux $procmux$8268.
    dead port 5/5 on $pmux $procmux$8268.
    dead port 1/2 on $mux $procmux$6651.
    dead port 2/2 on $mux $procmux$6651.
    dead port 1/2 on $mux $procmux$6648.
    dead port 2/2 on $mux $procmux$6648.
    dead port 1/2 on $mux $procmux$6644.
    dead port 2/2 on $mux $procmux$6644.
    dead port 1/2 on $mux $procmux$6642.
    dead port 2/2 on $mux $procmux$6642.
    dead port 1/2 on $mux $procmux$6639.
    dead port 2/2 on $mux $procmux$6639.
    dead port 1/2 on $mux $procmux$6635.
    dead port 2/2 on $mux $procmux$6635.
    dead port 1/2 on $mux $procmux$6633.
    dead port 2/2 on $mux $procmux$6633.
    dead port 1/2 on $mux $procmux$6630.
    dead port 2/2 on $mux $procmux$6630.
    dead port 1/2 on $mux $procmux$6626.
    dead port 2/2 on $mux $procmux$6626.
    dead port 1/2 on $mux $procmux$6624.
    dead port 2/2 on $mux $procmux$6624.
    dead port 1/2 on $mux $procmux$6621.
    dead port 2/2 on $mux $procmux$6621.
    dead port 1/2 on $mux $procmux$6617.
    dead port 2/2 on $mux $procmux$6617.
    dead port 1/2 on $mux $procmux$6615.
    dead port 2/2 on $mux $procmux$6615.
    dead port 1/2 on $mux $procmux$6612.
    dead port 2/2 on $mux $procmux$6612.
    dead port 1/2 on $mux $procmux$6608.
    dead port 2/2 on $mux $procmux$6608.
    dead port 1/5 on $pmux $procmux$8263.
    dead port 2/5 on $pmux $procmux$8263.
    dead port 3/5 on $pmux $procmux$8263.
    dead port 4/5 on $pmux $procmux$8263.
    dead port 5/5 on $pmux $procmux$8263.
    dead port 1/2 on $mux $procmux$6606.
    dead port 2/2 on $mux $procmux$6606.
    dead port 1/2 on $mux $procmux$6603.
    dead port 2/2 on $mux $procmux$6603.
    dead port 1/2 on $mux $procmux$6599.
    dead port 2/2 on $mux $procmux$6599.
    dead port 1/2 on $mux $procmux$6597.
    dead port 2/2 on $mux $procmux$6597.
    dead port 1/2 on $mux $procmux$6594.
    dead port 2/2 on $mux $procmux$6594.
    dead port 1/2 on $mux $procmux$6590.
    dead port 2/2 on $mux $procmux$6590.
    dead port 1/2 on $mux $procmux$6588.
    dead port 2/2 on $mux $procmux$6588.
    dead port 1/2 on $mux $procmux$6585.
    dead port 2/2 on $mux $procmux$6585.
    dead port 1/2 on $mux $procmux$6581.
    dead port 2/2 on $mux $procmux$6581.
    dead port 1/2 on $mux $procmux$6579.
    dead port 2/2 on $mux $procmux$6579.
    dead port 1/2 on $mux $procmux$6576.
    dead port 2/2 on $mux $procmux$6576.
    dead port 1/2 on $mux $procmux$6572.
    dead port 2/2 on $mux $procmux$6572.
    dead port 1/2 on $mux $procmux$6570.
    dead port 2/2 on $mux $procmux$6570.
    dead port 1/2 on $mux $procmux$6567.
    dead port 2/2 on $mux $procmux$6567.
    dead port 1/2 on $mux $procmux$6563.
    dead port 2/2 on $mux $procmux$6563.
    dead port 1/5 on $pmux $procmux$8258.
    dead port 2/5 on $pmux $procmux$8258.
    dead port 3/5 on $pmux $procmux$8258.
    dead port 4/5 on $pmux $procmux$8258.
    dead port 5/5 on $pmux $procmux$8258.
    dead port 1/2 on $mux $procmux$6561.
    dead port 2/2 on $mux $procmux$6561.
    dead port 1/2 on $mux $procmux$6558.
    dead port 2/2 on $mux $procmux$6558.
    dead port 1/2 on $mux $procmux$6554.
    dead port 2/2 on $mux $procmux$6554.
    dead port 1/2 on $mux $procmux$6552.
    dead port 2/2 on $mux $procmux$6552.
    dead port 1/2 on $mux $procmux$6549.
    dead port 2/2 on $mux $procmux$6549.
    dead port 1/2 on $mux $procmux$6545.
    dead port 2/2 on $mux $procmux$6545.
    dead port 1/2 on $mux $procmux$6543.
    dead port 2/2 on $mux $procmux$6543.
    dead port 1/2 on $mux $procmux$6540.
    dead port 2/2 on $mux $procmux$6540.
    dead port 1/2 on $mux $procmux$6536.
    dead port 2/2 on $mux $procmux$6536.
    dead port 1/2 on $mux $procmux$6534.
    dead port 2/2 on $mux $procmux$6534.
    dead port 1/2 on $mux $procmux$6531.
    dead port 2/2 on $mux $procmux$6531.
    dead port 1/2 on $mux $procmux$6527.
    dead port 2/2 on $mux $procmux$6527.
    dead port 1/2 on $mux $procmux$6525.
    dead port 2/2 on $mux $procmux$6525.
    dead port 1/2 on $mux $procmux$6522.
    dead port 2/2 on $mux $procmux$6522.
    dead port 1/2 on $mux $procmux$6518.
    dead port 2/2 on $mux $procmux$6518.
    dead port 1/5 on $pmux $procmux$8253.
    dead port 2/5 on $pmux $procmux$8253.
    dead port 3/5 on $pmux $procmux$8253.
    dead port 4/5 on $pmux $procmux$8253.
    dead port 5/5 on $pmux $procmux$8253.
    dead port 1/2 on $mux $procmux$6516.
    dead port 2/2 on $mux $procmux$6516.
    dead port 1/2 on $mux $procmux$6513.
    dead port 2/2 on $mux $procmux$6513.
    dead port 1/2 on $mux $procmux$6509.
    dead port 2/2 on $mux $procmux$6509.
    dead port 1/2 on $mux $procmux$6507.
    dead port 2/2 on $mux $procmux$6507.
    dead port 1/2 on $mux $procmux$6504.
    dead port 2/2 on $mux $procmux$6504.
    dead port 1/2 on $mux $procmux$6500.
    dead port 2/2 on $mux $procmux$6500.
    dead port 1/2 on $mux $procmux$6498.
    dead port 2/2 on $mux $procmux$6498.
    dead port 1/2 on $mux $procmux$6495.
    dead port 2/2 on $mux $procmux$6495.
    dead port 1/2 on $mux $procmux$6491.
    dead port 2/2 on $mux $procmux$6491.
    dead port 1/2 on $mux $procmux$6489.
    dead port 2/2 on $mux $procmux$6489.
    dead port 1/2 on $mux $procmux$6486.
    dead port 2/2 on $mux $procmux$6486.
    dead port 1/2 on $mux $procmux$6482.
    dead port 2/2 on $mux $procmux$6482.
    dead port 1/5 on $pmux $procmux$8578.
    dead port 2/5 on $pmux $procmux$8578.
    dead port 3/5 on $pmux $procmux$8578.
    dead port 4/5 on $pmux $procmux$8578.
    dead port 5/5 on $pmux $procmux$8578.
    dead port 1/2 on $mux $procmux$6480.
    dead port 2/2 on $mux $procmux$6480.
    dead port 1/2 on $mux $procmux$6477.
    dead port 2/2 on $mux $procmux$6477.
    dead port 1/2 on $mux $procmux$6473.
    dead port 2/2 on $mux $procmux$6473.
    dead port 1/5 on $pmux $procmux$8248.
    dead port 2/5 on $pmux $procmux$8248.
    dead port 3/5 on $pmux $procmux$8248.
    dead port 4/5 on $pmux $procmux$8248.
    dead port 5/5 on $pmux $procmux$8248.
    dead port 1/2 on $mux $procmux$6471.
    dead port 2/2 on $mux $procmux$6471.
    dead port 1/2 on $mux $procmux$6468.
    dead port 2/2 on $mux $procmux$6468.
    dead port 1/2 on $mux $procmux$6464.
    dead port 2/2 on $mux $procmux$6464.
    dead port 1/2 on $mux $procmux$6462.
    dead port 2/2 on $mux $procmux$6462.
    dead port 1/2 on $mux $procmux$6459.
    dead port 2/2 on $mux $procmux$6459.
    dead port 1/2 on $mux $procmux$6455.
    dead port 2/2 on $mux $procmux$6455.
    dead port 1/2 on $mux $procmux$6453.
    dead port 2/2 on $mux $procmux$6453.
    dead port 1/2 on $mux $procmux$6450.
    dead port 2/2 on $mux $procmux$6450.
    dead port 1/2 on $mux $procmux$6446.
    dead port 2/2 on $mux $procmux$6446.
    dead port 1/2 on $mux $procmux$6444.
    dead port 2/2 on $mux $procmux$6444.
    dead port 1/2 on $mux $procmux$6441.
    dead port 2/2 on $mux $procmux$6441.
    dead port 1/2 on $mux $procmux$6437.
    dead port 2/2 on $mux $procmux$6437.
    dead port 1/2 on $mux $procmux$6435.
    dead port 2/2 on $mux $procmux$6435.
    dead port 1/2 on $mux $procmux$6432.
    dead port 2/2 on $mux $procmux$6432.
    dead port 1/2 on $mux $procmux$6428.
    dead port 2/2 on $mux $procmux$6428.
    dead port 1/5 on $pmux $procmux$8243.
    dead port 2/5 on $pmux $procmux$8243.
    dead port 3/5 on $pmux $procmux$8243.
    dead port 4/5 on $pmux $procmux$8243.
    dead port 5/5 on $pmux $procmux$8243.
    dead port 1/2 on $mux $procmux$6426.
    dead port 2/2 on $mux $procmux$6426.
    dead port 1/2 on $mux $procmux$6423.
    dead port 2/2 on $mux $procmux$6423.
    dead port 1/2 on $mux $procmux$6419.
    dead port 2/2 on $mux $procmux$6419.
    dead port 1/5 on $pmux $procmux$8573.
    dead port 2/5 on $pmux $procmux$8573.
    dead port 3/5 on $pmux $procmux$8573.
    dead port 4/5 on $pmux $procmux$8573.
    dead port 5/5 on $pmux $procmux$8573.
    dead port 1/2 on $mux $procmux$6417.
    dead port 2/2 on $mux $procmux$6417.
    dead port 1/2 on $mux $procmux$6414.
    dead port 2/2 on $mux $procmux$6414.
    dead port 1/5 on $pmux $procmux$8238.
    dead port 2/5 on $pmux $procmux$8238.
    dead port 3/5 on $pmux $procmux$8238.
    dead port 4/5 on $pmux $procmux$8238.
    dead port 5/5 on $pmux $procmux$8238.
    dead port 1/5 on $pmux $procmux$8568.
    dead port 2/5 on $pmux $procmux$8568.
    dead port 3/5 on $pmux $procmux$8568.
    dead port 4/5 on $pmux $procmux$8568.
    dead port 5/5 on $pmux $procmux$8568.
    dead port 1/5 on $pmux $procmux$8233.
    dead port 2/5 on $pmux $procmux$8233.
    dead port 3/5 on $pmux $procmux$8233.
    dead port 4/5 on $pmux $procmux$8233.
    dead port 5/5 on $pmux $procmux$8233.
    dead port 2/2 on $mux $procmux$6380.
    dead port 1/2 on $mux $procmux$6378.
    dead port 1/2 on $mux $procmux$6375.
    dead port 2/2 on $mux $procmux$6368.
    dead port 1/5 on $pmux $procmux$8563.
    dead port 2/5 on $pmux $procmux$8563.
    dead port 3/5 on $pmux $procmux$8563.
    dead port 4/5 on $pmux $procmux$8563.
    dead port 5/5 on $pmux $procmux$8563.
    dead port 1/2 on $mux $procmux$6366.
    dead port 1/2 on $mux $procmux$6363.
    dead port 2/2 on $mux $procmux$6356.
    dead port 1/2 on $mux $procmux$6354.
    dead port 1/2 on $mux $procmux$6351.
    dead port 2/2 on $mux $procmux$6344.
    dead port 1/5 on $pmux $procmux$8228.
    dead port 2/5 on $pmux $procmux$8228.
    dead port 3/5 on $pmux $procmux$8228.
    dead port 4/5 on $pmux $procmux$8228.
    dead port 5/5 on $pmux $procmux$8228.
    dead port 1/2 on $mux $procmux$6342.
    dead port 1/2 on $mux $procmux$6339.
    dead port 2/2 on $mux $procmux$6332.
    dead port 1/2 on $mux $procmux$6330.
    dead port 1/2 on $mux $procmux$6327.
    dead port 2/2 on $mux $procmux$6320.
    dead port 1/2 on $mux $procmux$6318.
    dead port 1/2 on $mux $procmux$6315.
    dead port 2/2 on $mux $procmux$6308.
    dead port 1/2 on $mux $procmux$6306.
    dead port 1/2 on $mux $procmux$6303.
    dead port 2/2 on $mux $procmux$6296.
    dead port 1/5 on $pmux $procmux$8558.
    dead port 2/5 on $pmux $procmux$8558.
    dead port 3/5 on $pmux $procmux$8558.
    dead port 4/5 on $pmux $procmux$8558.
    dead port 5/5 on $pmux $procmux$8558.
    dead port 1/2 on $mux $procmux$6294.
    dead port 1/2 on $mux $procmux$6291.
    dead port 2/2 on $mux $procmux$6284.
    dead port 1/5 on $pmux $procmux$8223.
    dead port 2/5 on $pmux $procmux$8223.
    dead port 3/5 on $pmux $procmux$8223.
    dead port 4/5 on $pmux $procmux$8223.
    dead port 5/5 on $pmux $procmux$8223.
    dead port 1/2 on $mux $procmux$6282.
    dead port 1/2 on $mux $procmux$6279.
    dead port 1/2 on $mux $procmux$6272.
    dead port 2/2 on $mux $procmux$6272.
    dead port 1/2 on $mux $procmux$6270.
    dead port 2/2 on $mux $procmux$6270.
    dead port 1/2 on $mux $procmux$6267.
    dead port 2/2 on $mux $procmux$6267.
    dead port 1/2 on $mux $procmux$6264.
    dead port 2/2 on $mux $procmux$6264.
    dead port 1/2 on $mux $procmux$6260.
    dead port 2/2 on $mux $procmux$6260.
    dead port 1/2 on $mux $procmux$6258.
    dead port 2/2 on $mux $procmux$6258.
    dead port 1/2 on $mux $procmux$6255.
    dead port 2/2 on $mux $procmux$6255.
    dead port 1/2 on $mux $procmux$6252.
    dead port 2/2 on $mux $procmux$6252.
    dead port 1/2 on $mux $procmux$6248.
    dead port 2/2 on $mux $procmux$6248.
    dead port 1/2 on $mux $procmux$6246.
    dead port 2/2 on $mux $procmux$6246.
    dead port 1/2 on $mux $procmux$6243.
    dead port 2/2 on $mux $procmux$6243.
    dead port 1/2 on $mux $procmux$6240.
    dead port 2/2 on $mux $procmux$6240.
    dead port 1/2 on $mux $procmux$6236.
    dead port 2/2 on $mux $procmux$6236.
    dead port 1/2 on $mux $procmux$6234.
    dead port 2/2 on $mux $procmux$6234.
    dead port 1/2 on $mux $procmux$6231.
    dead port 2/2 on $mux $procmux$6231.
    dead port 1/2 on $mux $procmux$6228.
    dead port 2/2 on $mux $procmux$6228.
    dead port 1/2 on $mux $procmux$6224.
    dead port 2/2 on $mux $procmux$6224.
    dead port 1/5 on $pmux $procmux$8218.
    dead port 2/5 on $pmux $procmux$8218.
    dead port 3/5 on $pmux $procmux$8218.
    dead port 4/5 on $pmux $procmux$8218.
    dead port 5/5 on $pmux $procmux$8218.
    dead port 1/2 on $mux $procmux$6222.
    dead port 2/2 on $mux $procmux$6222.
    dead port 1/2 on $mux $procmux$6219.
    dead port 2/2 on $mux $procmux$6219.
    dead port 1/2 on $mux $procmux$6216.
    dead port 2/2 on $mux $procmux$6216.
    dead port 1/2 on $mux $procmux$6212.
    dead port 2/2 on $mux $procmux$6212.
    dead port 1/5 on $pmux $procmux$8553.
    dead port 2/5 on $pmux $procmux$8553.
    dead port 3/5 on $pmux $procmux$8553.
    dead port 4/5 on $pmux $procmux$8553.
    dead port 5/5 on $pmux $procmux$8553.
    dead port 1/2 on $mux $procmux$6210.
    dead port 2/2 on $mux $procmux$6210.
    dead port 1/2 on $mux $procmux$6207.
    dead port 2/2 on $mux $procmux$6207.
    dead port 1/2 on $mux $procmux$6204.
    dead port 2/2 on $mux $procmux$6204.
    dead port 1/2 on $mux $procmux$6200.
    dead port 2/2 on $mux $procmux$6200.
    dead port 1/2 on $mux $procmux$6198.
    dead port 2/2 on $mux $procmux$6198.
    dead port 1/2 on $mux $procmux$6195.
    dead port 2/2 on $mux $procmux$6195.
    dead port 1/2 on $mux $procmux$6192.
    dead port 2/2 on $mux $procmux$6192.
    dead port 1/2 on $mux $procmux$6188.
    dead port 2/2 on $mux $procmux$6188.
    dead port 1/2 on $mux $procmux$6186.
    dead port 2/2 on $mux $procmux$6186.
    dead port 1/2 on $mux $procmux$6183.
    dead port 2/2 on $mux $procmux$6183.
    dead port 1/2 on $mux $procmux$6180.
    dead port 2/2 on $mux $procmux$6180.
    dead port 1/2 on $mux $procmux$6176.
    dead port 2/2 on $mux $procmux$6176.
    dead port 1/2 on $mux $procmux$6174.
    dead port 2/2 on $mux $procmux$6174.
    dead port 1/2 on $mux $procmux$6171.
    dead port 2/2 on $mux $procmux$6171.
    dead port 1/2 on $mux $procmux$6168.
    dead port 2/2 on $mux $procmux$6168.
    dead port 1/2 on $mux $procmux$6164.
    dead port 2/2 on $mux $procmux$6164.
    dead port 1/5 on $pmux $procmux$8213.
    dead port 2/5 on $pmux $procmux$8213.
    dead port 3/5 on $pmux $procmux$8213.
    dead port 4/5 on $pmux $procmux$8213.
    dead port 5/5 on $pmux $procmux$8213.
    dead port 1/2 on $mux $procmux$6162.
    dead port 2/2 on $mux $procmux$6162.
    dead port 1/2 on $mux $procmux$6159.
    dead port 2/2 on $mux $procmux$6159.
    dead port 1/2 on $mux $procmux$6156.
    dead port 2/2 on $mux $procmux$6156.
    dead port 1/2 on $mux $procmux$6152.
    dead port 2/2 on $mux $procmux$6152.
    dead port 1/2 on $mux $procmux$6150.
    dead port 2/2 on $mux $procmux$6150.
    dead port 1/2 on $mux $procmux$6147.
    dead port 2/2 on $mux $procmux$6147.
    dead port 1/2 on $mux $procmux$6144.
    dead port 2/2 on $mux $procmux$6144.
    dead port 1/2 on $mux $procmux$6140.
    dead port 2/2 on $mux $procmux$6140.
    dead port 1/5 on $pmux $procmux$8548.
    dead port 2/5 on $pmux $procmux$8548.
    dead port 3/5 on $pmux $procmux$8548.
    dead port 4/5 on $pmux $procmux$8548.
    dead port 5/5 on $pmux $procmux$8548.
    dead port 1/2 on $mux $procmux$6138.
    dead port 2/2 on $mux $procmux$6138.
    dead port 1/2 on $mux $procmux$6135.
    dead port 2/2 on $mux $procmux$6135.
    dead port 1/2 on $mux $procmux$6132.
    dead port 2/2 on $mux $procmux$6132.
    dead port 1/2 on $mux $procmux$6128.
    dead port 2/2 on $mux $procmux$6128.
    dead port 1/2 on $mux $procmux$6126.
    dead port 2/2 on $mux $procmux$6126.
    dead port 1/2 on $mux $procmux$6123.
    dead port 2/2 on $mux $procmux$6123.
    dead port 1/2 on $mux $procmux$6120.
    dead port 2/2 on $mux $procmux$6120.
    dead port 1/2 on $mux $procmux$6116.
    dead port 2/2 on $mux $procmux$6116.
    dead port 1/2 on $mux $procmux$6114.
    dead port 2/2 on $mux $procmux$6114.
    dead port 1/2 on $mux $procmux$6111.
    dead port 2/2 on $mux $procmux$6111.
    dead port 1/2 on $mux $procmux$6108.
    dead port 2/2 on $mux $procmux$6108.
    dead port 1/2 on $mux $procmux$6104.
    dead port 2/2 on $mux $procmux$6104.
    dead port 1/5 on $pmux $procmux$8208.
    dead port 2/5 on $pmux $procmux$8208.
    dead port 3/5 on $pmux $procmux$8208.
    dead port 4/5 on $pmux $procmux$8208.
    dead port 5/5 on $pmux $procmux$8208.
    dead port 1/2 on $mux $procmux$6102.
    dead port 2/2 on $mux $procmux$6102.
    dead port 1/2 on $mux $procmux$6099.
    dead port 2/2 on $mux $procmux$6099.
    dead port 1/2 on $mux $procmux$6096.
    dead port 2/2 on $mux $procmux$6096.
    dead port 1/2 on $mux $procmux$6092.
    dead port 2/2 on $mux $procmux$6092.
    dead port 1/2 on $mux $procmux$6090.
    dead port 2/2 on $mux $procmux$6090.
    dead port 1/2 on $mux $procmux$6087.
    dead port 2/2 on $mux $procmux$6087.
    dead port 1/2 on $mux $procmux$6084.
    dead port 2/2 on $mux $procmux$6084.
    dead port 1/2 on $mux $procmux$6080.
    dead port 2/2 on $mux $procmux$6080.
    dead port 1/2 on $mux $procmux$6078.
    dead port 2/2 on $mux $procmux$6078.
    dead port 1/2 on $mux $procmux$6075.
    dead port 2/2 on $mux $procmux$6075.
    dead port 1/2 on $mux $procmux$6072.
    dead port 2/2 on $mux $procmux$6072.
    dead port 1/2 on $mux $procmux$6068.
    dead port 2/2 on $mux $procmux$6068.
    dead port 1/5 on $pmux $procmux$8543.
    dead port 2/5 on $pmux $procmux$8543.
    dead port 3/5 on $pmux $procmux$8543.
    dead port 4/5 on $pmux $procmux$8543.
    dead port 5/5 on $pmux $procmux$8543.
    dead port 1/2 on $mux $procmux$6066.
    dead port 2/2 on $mux $procmux$6066.
    dead port 1/2 on $mux $procmux$6063.
    dead port 2/2 on $mux $procmux$6063.
    dead port 1/2 on $mux $procmux$6060.
    dead port 2/2 on $mux $procmux$6060.
    dead port 1/2 on $mux $procmux$6056.
    dead port 2/2 on $mux $procmux$6056.
    dead port 1/2 on $mux $procmux$6054.
    dead port 2/2 on $mux $procmux$6054.
    dead port 1/2 on $mux $procmux$6051.
    dead port 2/2 on $mux $procmux$6051.
    dead port 1/2 on $mux $procmux$6048.
    dead port 2/2 on $mux $procmux$6048.
    dead port 1/2 on $mux $procmux$6044.
    dead port 2/2 on $mux $procmux$6044.
    dead port 1/5 on $pmux $procmux$8203.
    dead port 2/5 on $pmux $procmux$8203.
    dead port 3/5 on $pmux $procmux$8203.
    dead port 4/5 on $pmux $procmux$8203.
    dead port 5/5 on $pmux $procmux$8203.
    dead port 1/2 on $mux $procmux$6042.
    dead port 2/2 on $mux $procmux$6042.
    dead port 1/2 on $mux $procmux$6039.
    dead port 2/2 on $mux $procmux$6039.
    dead port 1/2 on $mux $procmux$6036.
    dead port 2/2 on $mux $procmux$6036.
    dead port 1/2 on $mux $procmux$6032.
    dead port 2/2 on $mux $procmux$6032.
    dead port 1/2 on $mux $procmux$6030.
    dead port 2/2 on $mux $procmux$6030.
    dead port 1/2 on $mux $procmux$6027.
    dead port 2/2 on $mux $procmux$6027.
    dead port 1/2 on $mux $procmux$6024.
    dead port 2/2 on $mux $procmux$6024.
    dead port 1/2 on $mux $procmux$6020.
    dead port 2/2 on $mux $procmux$6020.
    dead port 1/2 on $mux $procmux$6018.
    dead port 2/2 on $mux $procmux$6018.
    dead port 1/2 on $mux $procmux$6015.
    dead port 2/2 on $mux $procmux$6015.
    dead port 1/2 on $mux $procmux$6012.
    dead port 2/2 on $mux $procmux$6012.
    dead port 1/2 on $mux $procmux$6008.
    dead port 2/2 on $mux $procmux$6008.
    dead port 1/2 on $mux $procmux$6006.
    dead port 2/2 on $mux $procmux$6006.
    dead port 1/2 on $mux $procmux$6003.
    dead port 2/2 on $mux $procmux$6003.
    dead port 1/2 on $mux $procmux$6000.
    dead port 2/2 on $mux $procmux$6000.
    dead port 1/2 on $mux $procmux$5996.
    dead port 2/2 on $mux $procmux$5996.
    dead port 1/5 on $pmux $procmux$8538.
    dead port 2/5 on $pmux $procmux$8538.
    dead port 3/5 on $pmux $procmux$8538.
    dead port 4/5 on $pmux $procmux$8538.
    dead port 5/5 on $pmux $procmux$8538.
    dead port 1/2 on $mux $procmux$5994.
    dead port 2/2 on $mux $procmux$5994.
    dead port 1/2 on $mux $procmux$5991.
    dead port 2/2 on $mux $procmux$5991.
    dead port 1/2 on $mux $procmux$5988.
    dead port 2/2 on $mux $procmux$5988.
    dead port 1/2 on $mux $procmux$5984.
    dead port 2/2 on $mux $procmux$5984.
    dead port 1/5 on $pmux $procmux$8198.
    dead port 2/5 on $pmux $procmux$8198.
    dead port 3/5 on $pmux $procmux$8198.
    dead port 4/5 on $pmux $procmux$8198.
    dead port 5/5 on $pmux $procmux$8198.
    dead port 1/2 on $mux $procmux$5982.
    dead port 2/2 on $mux $procmux$5982.
    dead port 1/2 on $mux $procmux$5979.
    dead port 2/2 on $mux $procmux$5979.
    dead port 1/2 on $mux $procmux$5976.
    dead port 2/2 on $mux $procmux$5976.
    dead port 1/2 on $mux $procmux$5972.
    dead port 2/2 on $mux $procmux$5972.
    dead port 1/2 on $mux $procmux$5970.
    dead port 2/2 on $mux $procmux$5970.
    dead port 1/2 on $mux $procmux$5967.
    dead port 2/2 on $mux $procmux$5967.
    dead port 1/2 on $mux $procmux$5964.
    dead port 2/2 on $mux $procmux$5964.
    dead port 1/2 on $mux $procmux$5960.
    dead port 2/2 on $mux $procmux$5960.
    dead port 1/2 on $mux $procmux$5958.
    dead port 2/2 on $mux $procmux$5958.
    dead port 1/2 on $mux $procmux$5955.
    dead port 2/2 on $mux $procmux$5955.
    dead port 1/2 on $mux $procmux$5952.
    dead port 2/2 on $mux $procmux$5952.
    dead port 1/2 on $mux $procmux$5948.
    dead port 2/2 on $mux $procmux$5948.
    dead port 1/2 on $mux $procmux$5946.
    dead port 2/2 on $mux $procmux$5946.
    dead port 1/2 on $mux $procmux$5943.
    dead port 2/2 on $mux $procmux$5943.
    dead port 1/2 on $mux $procmux$5940.
    dead port 2/2 on $mux $procmux$5940.
    dead port 1/2 on $mux $procmux$5936.
    dead port 2/2 on $mux $procmux$5936.
    dead port 1/2 on $mux $procmux$5934.
    dead port 2/2 on $mux $procmux$5934.
    dead port 1/2 on $mux $procmux$5931.
    dead port 2/2 on $mux $procmux$5931.
    dead port 1/2 on $mux $procmux$5928.
    dead port 2/2 on $mux $procmux$5928.
    dead port 1/2 on $mux $procmux$5924.
    dead port 2/2 on $mux $procmux$5924.
    dead port 1/5 on $pmux $procmux$8193.
    dead port 2/5 on $pmux $procmux$8193.
    dead port 3/5 on $pmux $procmux$8193.
    dead port 4/5 on $pmux $procmux$8193.
    dead port 5/5 on $pmux $procmux$8193.
    dead port 1/2 on $mux $procmux$5922.
    dead port 2/2 on $mux $procmux$5922.
    dead port 1/2 on $mux $procmux$5919.
    dead port 2/2 on $mux $procmux$5919.
    dead port 1/2 on $mux $procmux$5916.
    dead port 2/2 on $mux $procmux$5916.
    dead port 1/2 on $mux $procmux$5912.
    dead port 2/2 on $mux $procmux$5912.
    dead port 1/5 on $pmux $procmux$8533.
    dead port 2/5 on $pmux $procmux$8533.
    dead port 3/5 on $pmux $procmux$8533.
    dead port 4/5 on $pmux $procmux$8533.
    dead port 5/5 on $pmux $procmux$8533.
    dead port 1/2 on $mux $procmux$5910.
    dead port 2/2 on $mux $procmux$5910.
    dead port 1/2 on $mux $procmux$5907.
    dead port 2/2 on $mux $procmux$5907.
    dead port 1/2 on $mux $procmux$5904.
    dead port 2/2 on $mux $procmux$5904.
    dead port 1/2 on $mux $procmux$5900.
    dead port 2/2 on $mux $procmux$5900.
    dead port 1/2 on $mux $procmux$5898.
    dead port 2/2 on $mux $procmux$5898.
    dead port 1/2 on $mux $procmux$5895.
    dead port 2/2 on $mux $procmux$5895.
    dead port 1/2 on $mux $procmux$5892.
    dead port 2/2 on $mux $procmux$5892.
    dead port 1/2 on $mux $procmux$5888.
    dead port 2/2 on $mux $procmux$5888.
    dead port 1/2 on $mux $procmux$5886.
    dead port 2/2 on $mux $procmux$5886.
    dead port 1/2 on $mux $procmux$5883.
    dead port 2/2 on $mux $procmux$5883.
    dead port 1/2 on $mux $procmux$5880.
    dead port 2/2 on $mux $procmux$5880.
    dead port 1/2 on $mux $procmux$5876.
    dead port 2/2 on $mux $procmux$5876.
    dead port 1/2 on $mux $procmux$5874.
    dead port 2/2 on $mux $procmux$5874.
    dead port 1/2 on $mux $procmux$5871.
    dead port 2/2 on $mux $procmux$5871.
    dead port 1/2 on $mux $procmux$5868.
    dead port 2/2 on $mux $procmux$5868.
    dead port 1/2 on $mux $procmux$5864.
    dead port 2/2 on $mux $procmux$5864.
    dead port 1/5 on $pmux $procmux$8188.
    dead port 2/5 on $pmux $procmux$8188.
    dead port 3/5 on $pmux $procmux$8188.
    dead port 4/5 on $pmux $procmux$8188.
    dead port 5/5 on $pmux $procmux$8188.
    dead port 1/2 on $mux $procmux$5862.
    dead port 2/2 on $mux $procmux$5862.
    dead port 1/2 on $mux $procmux$5859.
    dead port 2/2 on $mux $procmux$5859.
    dead port 1/2 on $mux $procmux$5856.
    dead port 2/2 on $mux $procmux$5856.
    dead port 1/2 on $mux $procmux$5852.
    dead port 2/2 on $mux $procmux$5852.
    dead port 1/2 on $mux $procmux$5850.
    dead port 2/2 on $mux $procmux$5850.
    dead port 1/2 on $mux $procmux$5847.
    dead port 2/2 on $mux $procmux$5847.
    dead port 1/2 on $mux $procmux$5844.
    dead port 2/2 on $mux $procmux$5844.
    dead port 1/2 on $mux $procmux$5840.
    dead port 2/2 on $mux $procmux$5840.
    dead port 1/5 on $pmux $procmux$8528.
    dead port 2/5 on $pmux $procmux$8528.
    dead port 3/5 on $pmux $procmux$8528.
    dead port 4/5 on $pmux $procmux$8528.
    dead port 5/5 on $pmux $procmux$8528.
    dead port 1/2 on $mux $procmux$5838.
    dead port 2/2 on $mux $procmux$5838.
    dead port 1/2 on $mux $procmux$5835.
    dead port 2/2 on $mux $procmux$5835.
    dead port 1/2 on $mux $procmux$5832.
    dead port 2/2 on $mux $procmux$5832.
    dead port 1/2 on $mux $procmux$5828.
    dead port 2/2 on $mux $procmux$5828.
    dead port 1/2 on $mux $procmux$5826.
    dead port 2/2 on $mux $procmux$5826.
    dead port 1/2 on $mux $procmux$5823.
    dead port 2/2 on $mux $procmux$5823.
    dead port 1/2 on $mux $procmux$5820.
    dead port 2/2 on $mux $procmux$5820.
    dead port 1/2 on $mux $procmux$5816.
    dead port 2/2 on $mux $procmux$5816.
    dead port 1/2 on $mux $procmux$5814.
    dead port 2/2 on $mux $procmux$5814.
    dead port 1/2 on $mux $procmux$5811.
    dead port 2/2 on $mux $procmux$5811.
    dead port 1/2 on $mux $procmux$5808.
    dead port 2/2 on $mux $procmux$5808.
    dead port 1/2 on $mux $procmux$5804.
    dead port 2/2 on $mux $procmux$5804.
    dead port 1/5 on $pmux $procmux$8183.
    dead port 2/5 on $pmux $procmux$8183.
    dead port 3/5 on $pmux $procmux$8183.
    dead port 4/5 on $pmux $procmux$8183.
    dead port 5/5 on $pmux $procmux$8183.
    dead port 1/2 on $mux $procmux$5802.
    dead port 2/2 on $mux $procmux$5802.
    dead port 1/2 on $mux $procmux$5799.
    dead port 2/2 on $mux $procmux$5799.
    dead port 1/2 on $mux $procmux$5796.
    dead port 2/2 on $mux $procmux$5796.
    dead port 1/2 on $mux $procmux$5792.
    dead port 2/2 on $mux $procmux$5792.
    dead port 1/2 on $mux $procmux$5790.
    dead port 2/2 on $mux $procmux$5790.
    dead port 1/2 on $mux $procmux$5787.
    dead port 2/2 on $mux $procmux$5787.
    dead port 1/2 on $mux $procmux$5784.
    dead port 2/2 on $mux $procmux$5784.
    dead port 1/2 on $mux $procmux$5780.
    dead port 2/2 on $mux $procmux$5780.
    dead port 1/2 on $mux $procmux$5778.
    dead port 2/2 on $mux $procmux$5778.
    dead port 1/2 on $mux $procmux$5775.
    dead port 2/2 on $mux $procmux$5775.
    dead port 1/2 on $mux $procmux$5772.
    dead port 2/2 on $mux $procmux$5772.
    dead port 1/2 on $mux $procmux$5768.
    dead port 2/2 on $mux $procmux$5768.
    dead port 1/5 on $pmux $procmux$8523.
    dead port 2/5 on $pmux $procmux$8523.
    dead port 3/5 on $pmux $procmux$8523.
    dead port 4/5 on $pmux $procmux$8523.
    dead port 5/5 on $pmux $procmux$8523.
    dead port 1/2 on $mux $procmux$5766.
    dead port 2/2 on $mux $procmux$5766.
    dead port 1/2 on $mux $procmux$5763.
    dead port 2/2 on $mux $procmux$5763.
    dead port 1/2 on $mux $procmux$5760.
    dead port 2/2 on $mux $procmux$5760.
    dead port 1/2 on $mux $procmux$5756.
    dead port 2/2 on $mux $procmux$5756.
    dead port 1/2 on $mux $procmux$5754.
    dead port 2/2 on $mux $procmux$5754.
    dead port 1/2 on $mux $procmux$5751.
    dead port 2/2 on $mux $procmux$5751.
    dead port 1/2 on $mux $procmux$5748.
    dead port 2/2 on $mux $procmux$5748.
    dead port 1/2 on $mux $procmux$5744.
    dead port 2/2 on $mux $procmux$5744.
    dead port 1/5 on $pmux $procmux$8178.
    dead port 2/5 on $pmux $procmux$8178.
    dead port 3/5 on $pmux $procmux$8178.
    dead port 4/5 on $pmux $procmux$8178.
    dead port 5/5 on $pmux $procmux$8178.
    dead port 1/2 on $mux $procmux$5742.
    dead port 2/2 on $mux $procmux$5742.
    dead port 1/2 on $mux $procmux$5739.
    dead port 2/2 on $mux $procmux$5739.
    dead port 1/2 on $mux $procmux$5736.
    dead port 2/2 on $mux $procmux$5736.
    dead port 1/2 on $mux $procmux$5732.
    dead port 2/2 on $mux $procmux$5732.
    dead port 1/2 on $mux $procmux$5730.
    dead port 2/2 on $mux $procmux$5730.
    dead port 1/2 on $mux $procmux$5727.
    dead port 2/2 on $mux $procmux$5727.
    dead port 1/2 on $mux $procmux$5724.
    dead port 2/2 on $mux $procmux$5724.
    dead port 1/2 on $mux $procmux$5720.
    dead port 2/2 on $mux $procmux$5720.
    dead port 1/2 on $mux $procmux$5718.
    dead port 2/2 on $mux $procmux$5718.
    dead port 1/2 on $mux $procmux$5715.
    dead port 2/2 on $mux $procmux$5715.
    dead port 1/2 on $mux $procmux$5712.
    dead port 2/2 on $mux $procmux$5712.
    dead port 1/2 on $mux $procmux$5708.
    dead port 2/2 on $mux $procmux$5708.
    dead port 1/2 on $mux $procmux$5706.
    dead port 2/2 on $mux $procmux$5706.
    dead port 1/2 on $mux $procmux$5703.
    dead port 2/2 on $mux $procmux$5703.
    dead port 1/2 on $mux $procmux$5700.
    dead port 2/2 on $mux $procmux$5700.
    dead port 1/2 on $mux $procmux$5696.
    dead port 2/2 on $mux $procmux$5696.
    dead port 1/5 on $pmux $procmux$8518.
    dead port 2/5 on $pmux $procmux$8518.
    dead port 3/5 on $pmux $procmux$8518.
    dead port 4/5 on $pmux $procmux$8518.
    dead port 5/5 on $pmux $procmux$8518.
    dead port 1/2 on $mux $procmux$5694.
    dead port 2/2 on $mux $procmux$5694.
    dead port 1/2 on $mux $procmux$5691.
    dead port 2/2 on $mux $procmux$5691.
    dead port 1/2 on $mux $procmux$5688.
    dead port 2/2 on $mux $procmux$5688.
    dead port 1/2 on $mux $procmux$5686.
    dead port 2/2 on $mux $procmux$5686.
    dead port 1/5 on $pmux $procmux$8173.
    dead port 2/5 on $pmux $procmux$8173.
    dead port 3/5 on $pmux $procmux$8173.
    dead port 4/5 on $pmux $procmux$8173.
    dead port 5/5 on $pmux $procmux$8173.
    dead port 1/2 on $mux $procmux$5679.
    dead port 2/2 on $mux $procmux$5679.
    dead port 1/2 on $mux $procmux$5677.
    dead port 2/2 on $mux $procmux$5677.
    dead port 1/2 on $mux $procmux$5674.
    dead port 2/2 on $mux $procmux$5674.
    dead port 1/2 on $mux $procmux$5671.
    dead port 2/2 on $mux $procmux$5671.
    dead port 1/2 on $mux $procmux$5669.
    dead port 2/2 on $mux $procmux$5669.
    dead port 1/2 on $mux $procmux$5662.
    dead port 2/2 on $mux $procmux$5662.
    dead port 1/2 on $mux $procmux$5660.
    dead port 2/2 on $mux $procmux$5660.
    dead port 1/2 on $mux $procmux$5657.
    dead port 2/2 on $mux $procmux$5657.
    dead port 1/2 on $mux $procmux$5654.
    dead port 2/2 on $mux $procmux$5654.
    dead port 1/2 on $mux $procmux$5652.
    dead port 2/2 on $mux $procmux$5652.
    dead port 1/2 on $mux $procmux$5645.
    dead port 2/2 on $mux $procmux$5645.
    dead port 1/5 on $pmux $procmux$8168.
    dead port 2/5 on $pmux $procmux$8168.
    dead port 3/5 on $pmux $procmux$8168.
    dead port 4/5 on $pmux $procmux$8168.
    dead port 5/5 on $pmux $procmux$8168.
    dead port 1/2 on $mux $procmux$5643.
    dead port 2/2 on $mux $procmux$5643.
    dead port 1/2 on $mux $procmux$5640.
    dead port 2/2 on $mux $procmux$5640.
    dead port 1/2 on $mux $procmux$5637.
    dead port 2/2 on $mux $procmux$5637.
    dead port 1/2 on $mux $procmux$5635.
    dead port 2/2 on $mux $procmux$5635.
    dead port 1/5 on $pmux $procmux$8513.
    dead port 2/5 on $pmux $procmux$8513.
    dead port 3/5 on $pmux $procmux$8513.
    dead port 4/5 on $pmux $procmux$8513.
    dead port 5/5 on $pmux $procmux$8513.
    dead port 1/2 on $mux $procmux$5628.
    dead port 2/2 on $mux $procmux$5628.
    dead port 1/2 on $mux $procmux$5626.
    dead port 2/2 on $mux $procmux$5626.
    dead port 1/2 on $mux $procmux$5623.
    dead port 2/2 on $mux $procmux$5623.
    dead port 1/2 on $mux $procmux$5620.
    dead port 2/2 on $mux $procmux$5620.
    dead port 1/2 on $mux $procmux$5618.
    dead port 2/2 on $mux $procmux$5618.
    dead port 1/2 on $mux $procmux$5611.
    dead port 2/2 on $mux $procmux$5611.
    dead port 1/2 on $mux $procmux$5609.
    dead port 2/2 on $mux $procmux$5609.
    dead port 1/2 on $mux $procmux$5606.
    dead port 2/2 on $mux $procmux$5606.
    dead port 1/2 on $mux $procmux$5603.
    dead port 2/2 on $mux $procmux$5603.
    dead port 1/2 on $mux $procmux$5601.
    dead port 2/2 on $mux $procmux$5601.
    dead port 1/5 on $pmux $procmux$8163.
    dead port 2/5 on $pmux $procmux$8163.
    dead port 3/5 on $pmux $procmux$8163.
    dead port 4/5 on $pmux $procmux$8163.
    dead port 5/5 on $pmux $procmux$8163.
    dead port 1/2 on $mux $procmux$5594.
    dead port 2/2 on $mux $procmux$5594.
    dead port 1/2 on $mux $procmux$5592.
    dead port 2/2 on $mux $procmux$5592.
    dead port 1/2 on $mux $procmux$5589.
    dead port 2/2 on $mux $procmux$5589.
    dead port 1/2 on $mux $procmux$5586.
    dead port 2/2 on $mux $procmux$5586.
    dead port 1/2 on $mux $procmux$5584.
    dead port 2/2 on $mux $procmux$5584.
    dead port 1/5 on $pmux $procmux$8508.
    dead port 2/5 on $pmux $procmux$8508.
    dead port 3/5 on $pmux $procmux$8508.
    dead port 4/5 on $pmux $procmux$8508.
    dead port 5/5 on $pmux $procmux$8508.
    dead port 1/2 on $mux $procmux$5577.
    dead port 2/2 on $mux $procmux$5577.
    dead port 1/2 on $mux $procmux$5575.
    dead port 2/2 on $mux $procmux$5575.
    dead port 1/2 on $mux $procmux$5572.
    dead port 2/2 on $mux $procmux$5572.
    dead port 1/2 on $mux $procmux$5569.
    dead port 2/2 on $mux $procmux$5569.
    dead port 1/2 on $mux $procmux$5567.
    dead port 2/2 on $mux $procmux$5567.
    dead port 1/2 on $mux $procmux$5560.
    dead port 2/2 on $mux $procmux$5560.
    dead port 1/2 on $mux $procmux$5558.
    dead port 2/2 on $mux $procmux$5558.
    dead port 1/2 on $mux $procmux$5555.
    dead port 2/2 on $mux $procmux$5555.
    dead port 1/2 on $mux $procmux$5552.
    dead port 2/2 on $mux $procmux$5552.
    dead port 1/2 on $mux $procmux$5550.
    dead port 2/2 on $mux $procmux$5550.
    dead port 1/2 on $mux $procmux$5543.
    dead port 2/2 on $mux $procmux$5543.
    dead port 1/2 on $mux $procmux$5541.
    dead port 2/2 on $mux $procmux$5541.
    dead port 1/2 on $mux $procmux$5538.
    dead port 2/2 on $mux $procmux$5538.
    dead port 1/2 on $mux $procmux$5535.
    dead port 2/2 on $mux $procmux$5535.
    dead port 1/2 on $mux $procmux$5533.
    dead port 2/2 on $mux $procmux$5533.
    dead port 1/2 on $mux $procmux$5526.
    dead port 2/2 on $mux $procmux$5526.
    dead port 1/2 on $mux $procmux$5524.
    dead port 2/2 on $mux $procmux$5524.
    dead port 1/2 on $mux $procmux$5521.
    dead port 2/2 on $mux $procmux$5521.
    dead port 1/2 on $mux $procmux$5518.
    dead port 2/2 on $mux $procmux$5518.
    dead port 1/2 on $mux $procmux$5516.
    dead port 2/2 on $mux $procmux$5516.
    dead port 1/2 on $mux $procmux$5509.
    dead port 2/2 on $mux $procmux$5509.
    dead port 1/2 on $mux $procmux$5507.
    dead port 2/2 on $mux $procmux$5507.
    dead port 1/2 on $mux $procmux$5504.
    dead port 2/2 on $mux $procmux$5504.
    dead port 1/2 on $mux $procmux$5501.
    dead port 2/2 on $mux $procmux$5501.
    dead port 1/2 on $mux $procmux$5499.
    dead port 2/2 on $mux $procmux$5499.
    dead port 1/2 on $mux $procmux$5492.
    dead port 2/2 on $mux $procmux$5492.
    dead port 1/2 on $mux $procmux$5490.
    dead port 2/2 on $mux $procmux$5490.
    dead port 1/2 on $mux $procmux$5487.
    dead port 2/2 on $mux $procmux$5487.
    dead port 1/2 on $mux $procmux$5484.
    dead port 2/2 on $mux $procmux$5484.
    dead port 1/2 on $mux $procmux$5482.
    dead port 2/2 on $mux $procmux$5482.
    dead port 1/5 on $pmux $procmux$8503.
    dead port 2/5 on $pmux $procmux$8503.
    dead port 3/5 on $pmux $procmux$8503.
    dead port 4/5 on $pmux $procmux$8503.
    dead port 5/5 on $pmux $procmux$8503.
    dead port 1/2 on $mux $procmux$5476.
    dead port 2/2 on $mux $procmux$5476.
    dead port 1/2 on $mux $procmux$5474.
    dead port 2/2 on $mux $procmux$5474.
    dead port 1/2 on $mux $procmux$5471.
    dead port 2/2 on $mux $procmux$5471.
    dead port 1/2 on $mux $procmux$5468.
    dead port 2/2 on $mux $procmux$5468.
    dead port 1/2 on $mux $procmux$5466.
    dead port 2/2 on $mux $procmux$5466.
    dead port 1/2 on $mux $procmux$5460.
    dead port 2/2 on $mux $procmux$5460.
    dead port 1/2 on $mux $procmux$5458.
    dead port 2/2 on $mux $procmux$5458.
    dead port 1/2 on $mux $procmux$5455.
    dead port 2/2 on $mux $procmux$5455.
    dead port 1/2 on $mux $procmux$5452.
    dead port 2/2 on $mux $procmux$5452.
    dead port 1/2 on $mux $procmux$5450.
    dead port 2/2 on $mux $procmux$5450.
    dead port 1/2 on $mux $procmux$5444.
    dead port 2/2 on $mux $procmux$5444.
    dead port 1/2 on $mux $procmux$5442.
    dead port 2/2 on $mux $procmux$5442.
    dead port 1/2 on $mux $procmux$5439.
    dead port 2/2 on $mux $procmux$5439.
    dead port 1/2 on $mux $procmux$5436.
    dead port 2/2 on $mux $procmux$5436.
    dead port 1/2 on $mux $procmux$5434.
    dead port 2/2 on $mux $procmux$5434.
    dead port 1/2 on $mux $procmux$5428.
    dead port 2/2 on $mux $procmux$5428.
    dead port 1/2 on $mux $procmux$5426.
    dead port 2/2 on $mux $procmux$5426.
    dead port 1/2 on $mux $procmux$5423.
    dead port 2/2 on $mux $procmux$5423.
    dead port 1/2 on $mux $procmux$5420.
    dead port 2/2 on $mux $procmux$5420.
    dead port 1/2 on $mux $procmux$5418.
    dead port 2/2 on $mux $procmux$5418.
    dead port 1/2 on $mux $procmux$5412.
    dead port 2/2 on $mux $procmux$5412.
    dead port 1/2 on $mux $procmux$5410.
    dead port 2/2 on $mux $procmux$5410.
    dead port 1/2 on $mux $procmux$5407.
    dead port 2/2 on $mux $procmux$5407.
    dead port 1/2 on $mux $procmux$5404.
    dead port 2/2 on $mux $procmux$5404.
    dead port 1/2 on $mux $procmux$5402.
    dead port 2/2 on $mux $procmux$5402.
    dead port 1/2 on $mux $procmux$5396.
    dead port 2/2 on $mux $procmux$5396.
    dead port 1/2 on $mux $procmux$5394.
    dead port 2/2 on $mux $procmux$5394.
    dead port 1/2 on $mux $procmux$5391.
    dead port 2/2 on $mux $procmux$5391.
    dead port 1/2 on $mux $procmux$5388.
    dead port 2/2 on $mux $procmux$5388.
    dead port 1/2 on $mux $procmux$5386.
    dead port 2/2 on $mux $procmux$5386.
    dead port 1/5 on $pmux $procmux$8498.
    dead port 2/5 on $pmux $procmux$8498.
    dead port 3/5 on $pmux $procmux$8498.
    dead port 4/5 on $pmux $procmux$8498.
    dead port 5/5 on $pmux $procmux$8498.
    dead port 1/2 on $mux $procmux$5380.
    dead port 2/2 on $mux $procmux$5380.
    dead port 1/2 on $mux $procmux$5378.
    dead port 2/2 on $mux $procmux$5378.
    dead port 1/2 on $mux $procmux$5375.
    dead port 2/2 on $mux $procmux$5375.
    dead port 1/2 on $mux $procmux$5372.
    dead port 2/2 on $mux $procmux$5372.
    dead port 1/2 on $mux $procmux$5370.
    dead port 2/2 on $mux $procmux$5370.
    dead port 1/2 on $mux $procmux$5364.
    dead port 2/2 on $mux $procmux$5364.
    dead port 1/2 on $mux $procmux$5362.
    dead port 2/2 on $mux $procmux$5362.
    dead port 1/2 on $mux $procmux$5359.
    dead port 2/2 on $mux $procmux$5359.
    dead port 1/2 on $mux $procmux$5356.
    dead port 2/2 on $mux $procmux$5356.
    dead port 1/2 on $mux $procmux$5354.
    dead port 2/2 on $mux $procmux$5354.
    dead port 1/2 on $mux $procmux$5348.
    dead port 2/2 on $mux $procmux$5348.
    dead port 1/2 on $mux $procmux$5346.
    dead port 2/2 on $mux $procmux$5346.
    dead port 1/2 on $mux $procmux$5343.
    dead port 2/2 on $mux $procmux$5343.
    dead port 1/2 on $mux $procmux$5340.
    dead port 2/2 on $mux $procmux$5340.
    dead port 1/2 on $mux $procmux$5338.
    dead port 2/2 on $mux $procmux$5338.
    dead port 1/2 on $mux $procmux$5332.
    dead port 2/2 on $mux $procmux$5332.
    dead port 1/2 on $mux $procmux$5330.
    dead port 2/2 on $mux $procmux$5330.
    dead port 1/2 on $mux $procmux$5327.
    dead port 2/2 on $mux $procmux$5327.
    dead port 1/2 on $mux $procmux$5324.
    dead port 2/2 on $mux $procmux$5324.
    dead port 1/2 on $mux $procmux$5322.
    dead port 2/2 on $mux $procmux$5322.
    dead port 1/2 on $mux $procmux$5316.
    dead port 2/2 on $mux $procmux$5316.
    dead port 1/2 on $mux $procmux$5314.
    dead port 2/2 on $mux $procmux$5314.
    dead port 1/2 on $mux $procmux$5311.
    dead port 2/2 on $mux $procmux$5311.
    dead port 1/2 on $mux $procmux$5308.
    dead port 2/2 on $mux $procmux$5308.
    dead port 1/2 on $mux $procmux$5306.
    dead port 2/2 on $mux $procmux$5306.
    dead port 1/2 on $mux $procmux$5300.
    dead port 2/2 on $mux $procmux$5300.
    dead port 1/2 on $mux $procmux$5298.
    dead port 2/2 on $mux $procmux$5298.
    dead port 1/2 on $mux $procmux$5295.
    dead port 2/2 on $mux $procmux$5295.
    dead port 1/2 on $mux $procmux$5292.
    dead port 2/2 on $mux $procmux$5292.
    dead port 1/2 on $mux $procmux$5290.
    dead port 2/2 on $mux $procmux$5290.
    dead port 1/5 on $pmux $procmux$8493.
    dead port 2/5 on $pmux $procmux$8493.
    dead port 3/5 on $pmux $procmux$8493.
    dead port 4/5 on $pmux $procmux$8493.
    dead port 5/5 on $pmux $procmux$8493.
    dead port 1/2 on $mux $procmux$5285.
    dead port 2/2 on $mux $procmux$5285.
    dead port 1/2 on $mux $procmux$5283.
    dead port 2/2 on $mux $procmux$5283.
    dead port 1/2 on $mux $procmux$5280.
    dead port 2/2 on $mux $procmux$5280.
    dead port 1/2 on $mux $procmux$5277.
    dead port 2/2 on $mux $procmux$5277.
    dead port 1/2 on $mux $procmux$5275.
    dead port 2/2 on $mux $procmux$5275.
    dead port 1/2 on $mux $procmux$5270.
    dead port 2/2 on $mux $procmux$5270.
    dead port 1/2 on $mux $procmux$5268.
    dead port 2/2 on $mux $procmux$5268.
    dead port 1/2 on $mux $procmux$5265.
    dead port 2/2 on $mux $procmux$5265.
    dead port 1/2 on $mux $procmux$5262.
    dead port 2/2 on $mux $procmux$5262.
    dead port 1/2 on $mux $procmux$5260.
    dead port 2/2 on $mux $procmux$5260.
    dead port 1/2 on $mux $procmux$5255.
    dead port 2/2 on $mux $procmux$5255.
    dead port 1/2 on $mux $procmux$5253.
    dead port 2/2 on $mux $procmux$5253.
    dead port 1/2 on $mux $procmux$5250.
    dead port 2/2 on $mux $procmux$5250.
    dead port 1/2 on $mux $procmux$5247.
    dead port 2/2 on $mux $procmux$5247.
    dead port 1/2 on $mux $procmux$5245.
    dead port 2/2 on $mux $procmux$5245.
    dead port 1/2 on $mux $procmux$5240.
    dead port 2/2 on $mux $procmux$5240.
    dead port 1/2 on $mux $procmux$5238.
    dead port 2/2 on $mux $procmux$5238.
    dead port 1/2 on $mux $procmux$5235.
    dead port 2/2 on $mux $procmux$5235.
    dead port 1/2 on $mux $procmux$5232.
    dead port 2/2 on $mux $procmux$5232.
    dead port 1/2 on $mux $procmux$5230.
    dead port 2/2 on $mux $procmux$5230.
    dead port 1/2 on $mux $procmux$5225.
    dead port 2/2 on $mux $procmux$5225.
    dead port 1/2 on $mux $procmux$5223.
    dead port 2/2 on $mux $procmux$5223.
    dead port 1/2 on $mux $procmux$5220.
    dead port 2/2 on $mux $procmux$5220.
    dead port 1/2 on $mux $procmux$5217.
    dead port 2/2 on $mux $procmux$5217.
    dead port 1/2 on $mux $procmux$5215.
    dead port 2/2 on $mux $procmux$5215.
    dead port 1/2 on $mux $procmux$5210.
    dead port 2/2 on $mux $procmux$5210.
    dead port 1/2 on $mux $procmux$5208.
    dead port 2/2 on $mux $procmux$5208.
    dead port 1/2 on $mux $procmux$5205.
    dead port 2/2 on $mux $procmux$5205.
    dead port 1/2 on $mux $procmux$5202.
    dead port 2/2 on $mux $procmux$5202.
    dead port 1/2 on $mux $procmux$5200.
    dead port 2/2 on $mux $procmux$5200.
    dead port 1/5 on $pmux $procmux$8488.
    dead port 2/5 on $pmux $procmux$8488.
    dead port 3/5 on $pmux $procmux$8488.
    dead port 4/5 on $pmux $procmux$8488.
    dead port 5/5 on $pmux $procmux$8488.
    dead port 1/2 on $mux $procmux$5195.
    dead port 2/2 on $mux $procmux$5195.
    dead port 1/2 on $mux $procmux$5193.
    dead port 2/2 on $mux $procmux$5193.
    dead port 1/2 on $mux $procmux$5190.
    dead port 2/2 on $mux $procmux$5190.
    dead port 1/2 on $mux $procmux$5187.
    dead port 2/2 on $mux $procmux$5187.
    dead port 1/2 on $mux $procmux$5185.
    dead port 2/2 on $mux $procmux$5185.
    dead port 1/2 on $mux $procmux$5180.
    dead port 2/2 on $mux $procmux$5180.
    dead port 1/2 on $mux $procmux$5178.
    dead port 2/2 on $mux $procmux$5178.
    dead port 1/2 on $mux $procmux$5175.
    dead port 2/2 on $mux $procmux$5175.
    dead port 1/2 on $mux $procmux$5172.
    dead port 2/2 on $mux $procmux$5172.
    dead port 1/2 on $mux $procmux$5170.
    dead port 2/2 on $mux $procmux$5170.
    dead port 1/2 on $mux $procmux$5165.
    dead port 2/2 on $mux $procmux$5165.
    dead port 1/2 on $mux $procmux$5163.
    dead port 2/2 on $mux $procmux$5163.
    dead port 1/2 on $mux $procmux$5160.
    dead port 2/2 on $mux $procmux$5160.
    dead port 1/2 on $mux $procmux$5157.
    dead port 2/2 on $mux $procmux$5157.
    dead port 1/2 on $mux $procmux$5155.
    dead port 2/2 on $mux $procmux$5155.
    dead port 1/2 on $mux $procmux$5150.
    dead port 2/2 on $mux $procmux$5150.
    dead port 1/2 on $mux $procmux$5148.
    dead port 2/2 on $mux $procmux$5148.
    dead port 1/2 on $mux $procmux$5145.
    dead port 2/2 on $mux $procmux$5145.
    dead port 1/2 on $mux $procmux$5142.
    dead port 2/2 on $mux $procmux$5142.
    dead port 1/2 on $mux $procmux$5140.
    dead port 2/2 on $mux $procmux$5140.
    dead port 1/2 on $mux $procmux$5135.
    dead port 2/2 on $mux $procmux$5135.
    dead port 1/2 on $mux $procmux$5133.
    dead port 2/2 on $mux $procmux$5133.
    dead port 1/2 on $mux $procmux$5130.
    dead port 2/2 on $mux $procmux$5130.
    dead port 1/2 on $mux $procmux$5127.
    dead port 2/2 on $mux $procmux$5127.
    dead port 1/2 on $mux $procmux$5125.
    dead port 2/2 on $mux $procmux$5125.
    dead port 2/2 on $mux $procmux$5120.
    dead port 1/2 on $mux $procmux$5118.
    dead port 1/2 on $mux $procmux$5115.
    dead port 2/2 on $mux $procmux$5112.
    dead port 1/5 on $pmux $procmux$8483.
    dead port 2/5 on $pmux $procmux$8483.
    dead port 3/5 on $pmux $procmux$8483.
    dead port 4/5 on $pmux $procmux$8483.
    dead port 5/5 on $pmux $procmux$8483.
    dead port 2/2 on $mux $procmux$5102.
    dead port 1/2 on $mux $procmux$5100.
    dead port 1/2 on $mux $procmux$5097.
    dead port 2/2 on $mux $procmux$5094.
    dead port 2/2 on $mux $procmux$5084.
    dead port 1/2 on $mux $procmux$5082.
    dead port 1/2 on $mux $procmux$5079.
    dead port 2/2 on $mux $procmux$5076.
    dead port 1/5 on $pmux $procmux$8478.
    dead port 2/5 on $pmux $procmux$8478.
    dead port 3/5 on $pmux $procmux$8478.
    dead port 4/5 on $pmux $procmux$8478.
    dead port 5/5 on $pmux $procmux$8478.
    dead port 2/2 on $mux $procmux$5066.
    dead port 1/2 on $mux $procmux$5064.
    dead port 1/2 on $mux $procmux$5061.
    dead port 2/2 on $mux $procmux$5058.
    dead port 2/2 on $mux $procmux$5048.
    dead port 1/2 on $mux $procmux$5046.
    dead port 1/2 on $mux $procmux$5043.
    dead port 2/2 on $mux $procmux$5040.
    dead port 2/2 on $mux $procmux$5030.
    dead port 1/2 on $mux $procmux$5028.
    dead port 1/2 on $mux $procmux$5025.
    dead port 2/2 on $mux $procmux$5022.
    dead port 2/2 on $mux $procmux$5012.
    dead port 1/2 on $mux $procmux$5010.
    dead port 1/2 on $mux $procmux$5007.
    dead port 2/2 on $mux $procmux$5004.
    dead port 2/2 on $mux $procmux$4994.
    dead port 1/5 on $pmux $procmux$8473.
    dead port 2/5 on $pmux $procmux$8473.
    dead port 3/5 on $pmux $procmux$8473.
    dead port 4/5 on $pmux $procmux$8473.
    dead port 5/5 on $pmux $procmux$8473.
    dead port 1/2 on $mux $procmux$4992.
    dead port 1/2 on $mux $procmux$4989.
    dead port 2/2 on $mux $procmux$4986.
    dead port 2/2 on $mux $procmux$4976.
    dead port 1/2 on $mux $procmux$4974.
    dead port 1/2 on $mux $procmux$4971.
    dead port 2/2 on $mux $procmux$4968.
    dead port 1/2 on $mux $procmux$4958.
    dead port 2/2 on $mux $procmux$4958.
    dead port 1/2 on $mux $procmux$4956.
    dead port 2/2 on $mux $procmux$4956.
    dead port 1/2 on $mux $procmux$4953.
    dead port 2/2 on $mux $procmux$4953.
    dead port 1/2 on $mux $procmux$4950.
    dead port 2/2 on $mux $procmux$4950.
    dead port 1/2 on $mux $procmux$4948.
    dead port 2/2 on $mux $procmux$4948.
    dead port 1/5 on $pmux $procmux$8468.
    dead port 2/5 on $pmux $procmux$8468.
    dead port 3/5 on $pmux $procmux$8468.
    dead port 4/5 on $pmux $procmux$8468.
    dead port 5/5 on $pmux $procmux$8468.
    dead port 1/2 on $mux $procmux$4940.
    dead port 2/2 on $mux $procmux$4940.
    dead port 1/2 on $mux $procmux$4938.
    dead port 2/2 on $mux $procmux$4938.
    dead port 1/2 on $mux $procmux$4935.
    dead port 2/2 on $mux $procmux$4935.
    dead port 1/2 on $mux $procmux$4932.
    dead port 2/2 on $mux $procmux$4932.
    dead port 1/2 on $mux $procmux$4930.
    dead port 2/2 on $mux $procmux$4930.
    dead port 1/2 on $mux $procmux$4922.
    dead port 2/2 on $mux $procmux$4922.
    dead port 1/2 on $mux $procmux$4920.
    dead port 2/2 on $mux $procmux$4920.
    dead port 1/2 on $mux $procmux$4917.
    dead port 2/2 on $mux $procmux$4917.
    dead port 1/2 on $mux $procmux$4914.
    dead port 2/2 on $mux $procmux$4914.
    dead port 1/2 on $mux $procmux$4912.
    dead port 2/2 on $mux $procmux$4912.
    dead port 1/2 on $mux $procmux$4904.
    dead port 2/2 on $mux $procmux$4904.
    dead port 1/2 on $mux $procmux$4902.
    dead port 2/2 on $mux $procmux$4902.
    dead port 1/2 on $mux $procmux$4899.
    dead port 2/2 on $mux $procmux$4899.
    dead port 1/2 on $mux $procmux$4896.
    dead port 2/2 on $mux $procmux$4896.
    dead port 1/2 on $mux $procmux$4894.
    dead port 2/2 on $mux $procmux$4894.
    dead port 1/2 on $mux $procmux$4886.
    dead port 2/2 on $mux $procmux$4886.
    dead port 1/2 on $mux $procmux$4884.
    dead port 2/2 on $mux $procmux$4884.
    dead port 1/2 on $mux $procmux$4881.
    dead port 2/2 on $mux $procmux$4881.
    dead port 1/2 on $mux $procmux$4878.
    dead port 2/2 on $mux $procmux$4878.
    dead port 1/2 on $mux $procmux$4876.
    dead port 2/2 on $mux $procmux$4876.
    dead port 1/2 on $mux $procmux$4868.
    dead port 2/2 on $mux $procmux$4868.
    dead port 1/2 on $mux $procmux$4866.
    dead port 2/2 on $mux $procmux$4866.
    dead port 1/2 on $mux $procmux$4863.
    dead port 2/2 on $mux $procmux$4863.
    dead port 1/2 on $mux $procmux$4860.
    dead port 2/2 on $mux $procmux$4860.
    dead port 1/2 on $mux $procmux$4858.
    dead port 2/2 on $mux $procmux$4858.
    dead port 1/2 on $mux $procmux$4850.
    dead port 2/2 on $mux $procmux$4850.
    dead port 1/2 on $mux $procmux$4848.
    dead port 2/2 on $mux $procmux$4848.
    dead port 1/2 on $mux $procmux$4845.
    dead port 2/2 on $mux $procmux$4845.
    dead port 1/2 on $mux $procmux$4842.
    dead port 2/2 on $mux $procmux$4842.
    dead port 1/2 on $mux $procmux$4840.
    dead port 2/2 on $mux $procmux$4840.
    dead port 1/2 on $mux $procmux$4832.
    dead port 2/2 on $mux $procmux$4832.
    dead port 1/5 on $pmux $procmux$8463.
    dead port 2/5 on $pmux $procmux$8463.
    dead port 3/5 on $pmux $procmux$8463.
    dead port 4/5 on $pmux $procmux$8463.
    dead port 5/5 on $pmux $procmux$8463.
    dead port 1/2 on $mux $procmux$4830.
    dead port 2/2 on $mux $procmux$4830.
    dead port 1/2 on $mux $procmux$4827.
    dead port 2/2 on $mux $procmux$4827.
    dead port 1/2 on $mux $procmux$4824.
    dead port 2/2 on $mux $procmux$4824.
    dead port 1/2 on $mux $procmux$4822.
    dead port 2/2 on $mux $procmux$4822.
    dead port 1/2 on $mux $procmux$4814.
    dead port 2/2 on $mux $procmux$4814.
    dead port 1/2 on $mux $procmux$4812.
    dead port 2/2 on $mux $procmux$4812.
    dead port 1/2 on $mux $procmux$4809.
    dead port 2/2 on $mux $procmux$4809.
    dead port 1/2 on $mux $procmux$4806.
    dead port 2/2 on $mux $procmux$4806.
    dead port 1/2 on $mux $procmux$4804.
    dead port 2/2 on $mux $procmux$4804.
    dead port 1/2 on $mux $procmux$4796.
    dead port 2/2 on $mux $procmux$4796.
    dead port 1/2 on $mux $procmux$4794.
    dead port 2/2 on $mux $procmux$4794.
    dead port 1/2 on $mux $procmux$4791.
    dead port 2/2 on $mux $procmux$4791.
    dead port 1/2 on $mux $procmux$4788.
    dead port 2/2 on $mux $procmux$4788.
    dead port 1/2 on $mux $procmux$4786.
    dead port 2/2 on $mux $procmux$4786.
    dead port 1/2 on $mux $procmux$4778.
    dead port 2/2 on $mux $procmux$4778.
    dead port 1/2 on $mux $procmux$4776.
    dead port 2/2 on $mux $procmux$4776.
    dead port 1/2 on $mux $procmux$4773.
    dead port 2/2 on $mux $procmux$4773.
    dead port 1/2 on $mux $procmux$4770.
    dead port 2/2 on $mux $procmux$4770.
    dead port 1/2 on $mux $procmux$4768.
    dead port 2/2 on $mux $procmux$4768.
    dead port 1/2 on $mux $procmux$4760.
    dead port 2/2 on $mux $procmux$4760.
    dead port 1/2 on $mux $procmux$4758.
    dead port 2/2 on $mux $procmux$4758.
    dead port 1/2 on $mux $procmux$4755.
    dead port 2/2 on $mux $procmux$4755.
    dead port 1/2 on $mux $procmux$4752.
    dead port 2/2 on $mux $procmux$4752.
    dead port 1/2 on $mux $procmux$4750.
    dead port 2/2 on $mux $procmux$4750.
    dead port 2/2 on $mux $procmux$4742.
    dead port 1/2 on $mux $procmux$4740.
    dead port 1/2 on $mux $procmux$4737.
    dead port 2/2 on $mux $procmux$4734.
    dead port 2/2 on $mux $procmux$4732.
    dead port 2/2 on $mux $procmux$4721.
    dead port 1/2 on $mux $procmux$4719.
    dead port 1/2 on $mux $procmux$4716.
    dead port 2/2 on $mux $procmux$4713.
    dead port 2/2 on $mux $procmux$4711.
    dead port 2/2 on $mux $procmux$4700.
    dead port 1/2 on $mux $procmux$4698.
    dead port 1/2 on $mux $procmux$4695.
    dead port 2/2 on $mux $procmux$4692.
    dead port 2/2 on $mux $procmux$4690.
    dead port 2/2 on $mux $procmux$4679.
    dead port 1/5 on $pmux $procmux$8458.
    dead port 2/5 on $pmux $procmux$8458.
    dead port 3/5 on $pmux $procmux$8458.
    dead port 4/5 on $pmux $procmux$8458.
    dead port 5/5 on $pmux $procmux$8458.
    dead port 1/2 on $mux $procmux$4677.
    dead port 1/2 on $mux $procmux$4674.
    dead port 2/2 on $mux $procmux$4671.
    dead port 2/2 on $mux $procmux$4669.
    dead port 2/2 on $mux $procmux$4658.
    dead port 1/2 on $mux $procmux$4656.
    dead port 1/2 on $mux $procmux$4653.
    dead port 2/2 on $mux $procmux$4650.
    dead port 2/2 on $mux $procmux$4648.
    dead port 2/2 on $mux $procmux$4637.
    dead port 1/2 on $mux $procmux$4635.
    dead port 1/2 on $mux $procmux$4632.
    dead port 2/2 on $mux $procmux$4629.
    dead port 2/2 on $mux $procmux$4627.
    dead port 2/2 on $mux $procmux$4616.
    dead port 1/2 on $mux $procmux$4614.
    dead port 1/2 on $mux $procmux$4611.
    dead port 2/2 on $mux $procmux$4608.
    dead port 2/2 on $mux $procmux$4606.
    dead port 2/2 on $mux $procmux$4595.
    dead port 1/2 on $mux $procmux$4593.
    dead port 1/2 on $mux $procmux$4590.
    dead port 2/2 on $mux $procmux$4587.
    dead port 2/2 on $mux $procmux$4585.
    dead port 2/2 on $mux $procmux$4574.
    dead port 1/2 on $mux $procmux$4572.
    dead port 1/2 on $mux $procmux$4569.
    dead port 2/2 on $mux $procmux$4566.
    dead port 2/2 on $mux $procmux$4564.
    dead port 1/2 on $mux $procmux$4553.
    dead port 2/2 on $mux $procmux$4553.
    dead port 1/5 on $pmux $procmux$8453.
    dead port 2/5 on $pmux $procmux$8453.
    dead port 3/5 on $pmux $procmux$8453.
    dead port 4/5 on $pmux $procmux$8453.
    dead port 5/5 on $pmux $procmux$8453.
    dead port 1/2 on $mux $procmux$4551.
    dead port 2/2 on $mux $procmux$4551.
    dead port 1/2 on $mux $procmux$4548.
    dead port 2/2 on $mux $procmux$4548.
    dead port 1/2 on $mux $procmux$4545.
    dead port 2/2 on $mux $procmux$4545.
    dead port 1/2 on $mux $procmux$4543.
    dead port 2/2 on $mux $procmux$4543.
    dead port 1/2 on $mux $procmux$4541.
    dead port 2/2 on $mux $procmux$4541.
    dead port 1/2 on $mux $procmux$4532.
    dead port 2/2 on $mux $procmux$4532.
    dead port 1/2 on $mux $procmux$4530.
    dead port 2/2 on $mux $procmux$4530.
    dead port 1/2 on $mux $procmux$4527.
    dead port 2/2 on $mux $procmux$4527.
    dead port 1/2 on $mux $procmux$4524.
    dead port 2/2 on $mux $procmux$4524.
    dead port 1/2 on $mux $procmux$4522.
    dead port 2/2 on $mux $procmux$4522.
    dead port 1/2 on $mux $procmux$4520.
    dead port 2/2 on $mux $procmux$4520.
    dead port 1/2 on $mux $procmux$4511.
    dead port 2/2 on $mux $procmux$4511.
    dead port 1/2 on $mux $procmux$4509.
    dead port 2/2 on $mux $procmux$4509.
    dead port 1/2 on $mux $procmux$4506.
    dead port 2/2 on $mux $procmux$4506.
    dead port 1/2 on $mux $procmux$4503.
    dead port 2/2 on $mux $procmux$4503.
    dead port 1/2 on $mux $procmux$4501.
    dead port 2/2 on $mux $procmux$4501.
    dead port 1/2 on $mux $procmux$4499.
    dead port 2/2 on $mux $procmux$4499.
    dead port 1/2 on $mux $procmux$4490.
    dead port 2/2 on $mux $procmux$4490.
    dead port 1/2 on $mux $procmux$4488.
    dead port 2/2 on $mux $procmux$4488.
    dead port 1/2 on $mux $procmux$4485.
    dead port 2/2 on $mux $procmux$4485.
    dead port 1/2 on $mux $procmux$4482.
    dead port 2/2 on $mux $procmux$4482.
    dead port 1/2 on $mux $procmux$4480.
    dead port 2/2 on $mux $procmux$4480.
    dead port 1/2 on $mux $procmux$4478.
    dead port 2/2 on $mux $procmux$4478.
    dead port 1/2 on $mux $procmux$4469.
    dead port 2/2 on $mux $procmux$4469.
    dead port 1/2 on $mux $procmux$4467.
    dead port 2/2 on $mux $procmux$4467.
    dead port 1/2 on $mux $procmux$4464.
    dead port 2/2 on $mux $procmux$4464.
    dead port 1/2 on $mux $procmux$4461.
    dead port 2/2 on $mux $procmux$4461.
    dead port 1/2 on $mux $procmux$4459.
    dead port 2/2 on $mux $procmux$4459.
    dead port 1/2 on $mux $procmux$4457.
    dead port 2/2 on $mux $procmux$4457.
    dead port 1/2 on $mux $procmux$4448.
    dead port 2/2 on $mux $procmux$4448.
    dead port 1/2 on $mux $procmux$4446.
    dead port 2/2 on $mux $procmux$4446.
    dead port 1/2 on $mux $procmux$4443.
    dead port 2/2 on $mux $procmux$4443.
    dead port 1/2 on $mux $procmux$4440.
    dead port 2/2 on $mux $procmux$4440.
    dead port 1/2 on $mux $procmux$4438.
    dead port 2/2 on $mux $procmux$4438.
    dead port 1/2 on $mux $procmux$4436.
    dead port 2/2 on $mux $procmux$4436.
    dead port 1/2 on $mux $procmux$4427.
    dead port 2/2 on $mux $procmux$4427.
    dead port 1/2 on $mux $procmux$4425.
    dead port 2/2 on $mux $procmux$4425.
    dead port 1/2 on $mux $procmux$4422.
    dead port 2/2 on $mux $procmux$4422.
    dead port 1/2 on $mux $procmux$4419.
    dead port 2/2 on $mux $procmux$4419.
    dead port 1/2 on $mux $procmux$4417.
    dead port 2/2 on $mux $procmux$4417.
    dead port 1/2 on $mux $procmux$4415.
    dead port 2/2 on $mux $procmux$4415.
    dead port 1/2 on $mux $procmux$4406.
    dead port 2/2 on $mux $procmux$4406.
    dead port 1/2 on $mux $procmux$4404.
    dead port 2/2 on $mux $procmux$4404.
    dead port 1/2 on $mux $procmux$4401.
    dead port 2/2 on $mux $procmux$4401.
    dead port 1/2 on $mux $procmux$4398.
    dead port 2/2 on $mux $procmux$4398.
    dead port 1/2 on $mux $procmux$4396.
    dead port 2/2 on $mux $procmux$4396.
    dead port 1/5 on $pmux $procmux$8448.
    dead port 2/5 on $pmux $procmux$8448.
    dead port 3/5 on $pmux $procmux$8448.
    dead port 4/5 on $pmux $procmux$8448.
    dead port 5/5 on $pmux $procmux$8448.
    dead port 1/2 on $mux $procmux$4394.
    dead port 2/2 on $mux $procmux$4394.
    dead port 1/2 on $mux $procmux$4385.
    dead port 2/2 on $mux $procmux$4385.
    dead port 1/2 on $mux $procmux$4383.
    dead port 2/2 on $mux $procmux$4383.
    dead port 1/2 on $mux $procmux$4380.
    dead port 2/2 on $mux $procmux$4380.
    dead port 1/2 on $mux $procmux$4377.
    dead port 2/2 on $mux $procmux$4377.
    dead port 1/2 on $mux $procmux$4375.
    dead port 2/2 on $mux $procmux$4375.
    dead port 1/2 on $mux $procmux$4373.
    dead port 2/2 on $mux $procmux$4373.
    dead port 1/2 on $mux $procmux$4364.
    dead port 2/2 on $mux $procmux$4364.
    dead port 1/2 on $mux $procmux$4362.
    dead port 2/2 on $mux $procmux$4362.
    dead port 1/2 on $mux $procmux$4359.
    dead port 2/2 on $mux $procmux$4359.
    dead port 1/2 on $mux $procmux$4356.
    dead port 2/2 on $mux $procmux$4356.
    dead port 1/2 on $mux $procmux$4354.
    dead port 2/2 on $mux $procmux$4354.
    dead port 1/2 on $mux $procmux$4352.
    dead port 2/2 on $mux $procmux$4352.
    dead port 1/2 on $mux $procmux$4343.
    dead port 2/2 on $mux $procmux$4343.
    dead port 1/2 on $mux $procmux$4341.
    dead port 2/2 on $mux $procmux$4341.
    dead port 1/2 on $mux $procmux$4338.
    dead port 2/2 on $mux $procmux$4338.
    dead port 1/2 on $mux $procmux$4335.
    dead port 2/2 on $mux $procmux$4335.
    dead port 1/2 on $mux $procmux$4333.
    dead port 2/2 on $mux $procmux$4333.
    dead port 1/2 on $mux $procmux$4331.
    dead port 2/2 on $mux $procmux$4331.
    dead port 1/2 on $mux $procmux$4322.
    dead port 2/2 on $mux $procmux$4322.
    dead port 1/2 on $mux $procmux$4320.
    dead port 2/2 on $mux $procmux$4320.
    dead port 1/2 on $mux $procmux$4317.
    dead port 2/2 on $mux $procmux$4317.
    dead port 1/2 on $mux $procmux$4314.
    dead port 2/2 on $mux $procmux$4314.
    dead port 1/2 on $mux $procmux$4312.
    dead port 2/2 on $mux $procmux$4312.
    dead port 1/2 on $mux $procmux$4310.
    dead port 2/2 on $mux $procmux$4310.
    dead port 2/2 on $mux $procmux$4301.
    dead port 1/2 on $mux $procmux$4299.
    dead port 1/2 on $mux $procmux$4296.
    dead port 2/2 on $mux $procmux$4293.
    dead port 2/2 on $mux $procmux$4291.
    dead port 1/2 on $mux $procmux$4289.
    dead port 2/2 on $mux $procmux$4277.
    dead port 1/2 on $mux $procmux$4275.
    dead port 1/2 on $mux $procmux$4272.
    dead port 2/2 on $mux $procmux$4269.
    dead port 2/2 on $mux $procmux$4267.
    dead port 1/2 on $mux $procmux$4265.
    dead port 2/2 on $mux $procmux$4253.
    dead port 1/5 on $pmux $procmux$8443.
    dead port 2/5 on $pmux $procmux$8443.
    dead port 3/5 on $pmux $procmux$8443.
    dead port 4/5 on $pmux $procmux$8443.
    dead port 5/5 on $pmux $procmux$8443.
    dead port 1/2 on $mux $procmux$4251.
    dead port 1/2 on $mux $procmux$4248.
    dead port 2/2 on $mux $procmux$4245.
    dead port 2/2 on $mux $procmux$4243.
    dead port 1/2 on $mux $procmux$4241.
    dead port 2/2 on $mux $procmux$4229.
    dead port 1/2 on $mux $procmux$4227.
    dead port 1/2 on $mux $procmux$4224.
    dead port 2/2 on $mux $procmux$4221.
    dead port 2/2 on $mux $procmux$4219.
    dead port 1/2 on $mux $procmux$4217.
    dead port 2/2 on $mux $procmux$4205.
    dead port 1/2 on $mux $procmux$4203.
    dead port 1/2 on $mux $procmux$4200.
    dead port 2/2 on $mux $procmux$4197.
    dead port 2/2 on $mux $procmux$4195.
    dead port 1/2 on $mux $procmux$4193.
    dead port 2/2 on $mux $procmux$4181.
    dead port 1/2 on $mux $procmux$4179.
    dead port 1/2 on $mux $procmux$4176.
    dead port 2/2 on $mux $procmux$4173.
    dead port 2/2 on $mux $procmux$4171.
    dead port 1/2 on $mux $procmux$4169.
    dead port 2/2 on $mux $procmux$4157.
    dead port 1/2 on $mux $procmux$4155.
    dead port 1/2 on $mux $procmux$4152.
    dead port 2/2 on $mux $procmux$4149.
    dead port 2/2 on $mux $procmux$4147.
    dead port 1/2 on $mux $procmux$4145.
    dead port 2/2 on $mux $procmux$4133.
    dead port 1/2 on $mux $procmux$4131.
    dead port 1/2 on $mux $procmux$4128.
    dead port 2/2 on $mux $procmux$4125.
    dead port 2/2 on $mux $procmux$4123.
    dead port 1/5 on $pmux $procmux$8438.
    dead port 2/5 on $pmux $procmux$8438.
    dead port 3/5 on $pmux $procmux$8438.
    dead port 4/5 on $pmux $procmux$8438.
    dead port 5/5 on $pmux $procmux$8438.
    dead port 1/2 on $mux $procmux$4121.
    dead port 2/2 on $mux $procmux$4109.
    dead port 1/2 on $mux $procmux$4107.
    dead port 1/2 on $mux $procmux$4104.
    dead port 2/2 on $mux $procmux$4101.
    dead port 2/2 on $mux $procmux$4099.
    dead port 1/2 on $mux $procmux$4097.
    dead port 1/2 on $mux $procmux$4085.
    dead port 2/2 on $mux $procmux$4085.
    dead port 1/2 on $mux $procmux$7771.
    dead port 2/2 on $mux $procmux$7771.
    dead port 1/2 on $mux $procmux$4083.
    dead port 2/2 on $mux $procmux$4083.
    dead port 1/2 on $mux $procmux$4080.
    dead port 2/2 on $mux $procmux$4080.
    dead port 1/2 on $mux $procmux$4077.
    dead port 2/2 on $mux $procmux$4077.
    dead port 1/2 on $mux $procmux$4075.
    dead port 2/2 on $mux $procmux$4075.
    dead port 1/2 on $mux $procmux$4073.
    dead port 2/2 on $mux $procmux$4073.
    dead port 1/2 on $mux $procmux$4070.
    dead port 2/2 on $mux $procmux$4070.
    dead port 1/2 on $mux $procmux$4061.
    dead port 2/2 on $mux $procmux$4061.
    dead port 1/2 on $mux $procmux$7769.
    dead port 2/2 on $mux $procmux$7769.
    dead port 1/2 on $mux $procmux$4059.
    dead port 2/2 on $mux $procmux$4059.
    dead port 1/2 on $mux $procmux$4056.
    dead port 2/2 on $mux $procmux$4056.
    dead port 1/2 on $mux $procmux$4053.
    dead port 2/2 on $mux $procmux$4053.
    dead port 1/2 on $mux $procmux$4051.
    dead port 2/2 on $mux $procmux$4051.
    dead port 1/2 on $mux $procmux$7764.
    dead port 2/2 on $mux $procmux$7764.
    dead port 1/2 on $mux $procmux$4049.
    dead port 2/2 on $mux $procmux$4049.
    dead port 1/2 on $mux $procmux$4046.
    dead port 2/2 on $mux $procmux$4046.
    dead port 1/2 on $mux $procmux$4037.
    dead port 2/2 on $mux $procmux$4037.
    dead port 1/2 on $mux $procmux$4035.
    dead port 2/2 on $mux $procmux$4035.
    dead port 1/2 on $mux $procmux$4032.
    dead port 2/2 on $mux $procmux$4032.
    dead port 1/2 on $mux $procmux$4029.
    dead port 2/2 on $mux $procmux$4029.
    dead port 1/2 on $mux $procmux$4027.
    dead port 2/2 on $mux $procmux$4027.
    dead port 1/2 on $mux $procmux$7762.
    dead port 2/2 on $mux $procmux$7762.
    dead port 1/2 on $mux $procmux$4025.
    dead port 2/2 on $mux $procmux$4025.
    dead port 1/2 on $mux $procmux$4022.
    dead port 2/2 on $mux $procmux$4022.
    dead port 1/2 on $mux $procmux$4013.
    dead port 2/2 on $mux $procmux$4013.
    dead port 1/2 on $mux $procmux$7757.
    dead port 2/2 on $mux $procmux$7757.
    dead port 1/2 on $mux $procmux$4011.
    dead port 2/2 on $mux $procmux$4011.
    dead port 1/2 on $mux $procmux$4008.
    dead port 2/2 on $mux $procmux$4008.
    dead port 1/2 on $mux $procmux$4005.
    dead port 2/2 on $mux $procmux$4005.
    dead port 1/2 on $mux $procmux$4003.
    dead port 2/2 on $mux $procmux$4003.
    dead port 1/2 on $mux $procmux$4001.
    dead port 2/2 on $mux $procmux$4001.
    dead port 1/2 on $mux $procmux$3998.
    dead port 2/2 on $mux $procmux$3998.
    dead port 1/2 on $mux $procmux$3989.
    dead port 2/2 on $mux $procmux$3989.
    dead port 1/2 on $mux $procmux$7755.
    dead port 2/2 on $mux $procmux$7755.
    dead port 1/2 on $mux $procmux$3987.
    dead port 2/2 on $mux $procmux$3987.
    dead port 1/2 on $mux $procmux$3984.
    dead port 2/2 on $mux $procmux$3984.
    dead port 1/2 on $mux $procmux$3981.
    dead port 2/2 on $mux $procmux$3981.
    dead port 1/2 on $mux $procmux$3979.
    dead port 2/2 on $mux $procmux$3979.
    dead port 1/2 on $mux $procmux$7750.
    dead port 2/2 on $mux $procmux$7750.
    dead port 1/2 on $mux $procmux$3977.
    dead port 2/2 on $mux $procmux$3977.
    dead port 1/2 on $mux $procmux$3974.
    dead port 2/2 on $mux $procmux$3974.
    dead port 1/2 on $mux $procmux$3965.
    dead port 2/2 on $mux $procmux$3965.
    dead port 1/5 on $pmux $procmux$8433.
    dead port 2/5 on $pmux $procmux$8433.
    dead port 3/5 on $pmux $procmux$8433.
    dead port 4/5 on $pmux $procmux$8433.
    dead port 5/5 on $pmux $procmux$8433.
    dead port 1/2 on $mux $procmux$3963.
    dead port 2/2 on $mux $procmux$3963.
    dead port 1/2 on $mux $procmux$3960.
    dead port 2/2 on $mux $procmux$3960.
    dead port 1/2 on $mux $procmux$3957.
    dead port 2/2 on $mux $procmux$3957.
    dead port 1/2 on $mux $procmux$3955.
    dead port 2/2 on $mux $procmux$3955.
    dead port 1/2 on $mux $procmux$7748.
    dead port 2/2 on $mux $procmux$7748.
    dead port 1/2 on $mux $procmux$3953.
    dead port 2/2 on $mux $procmux$3953.
    dead port 1/2 on $mux $procmux$3950.
    dead port 2/2 on $mux $procmux$3950.
    dead port 1/2 on $mux $procmux$3941.
    dead port 2/2 on $mux $procmux$3941.
    dead port 1/2 on $mux $procmux$7743.
    dead port 2/2 on $mux $procmux$7743.
    dead port 1/2 on $mux $procmux$3939.
    dead port 2/2 on $mux $procmux$3939.
    dead port 1/2 on $mux $procmux$3936.
    dead port 2/2 on $mux $procmux$3936.
    dead port 1/2 on $mux $procmux$3933.
    dead port 2/2 on $mux $procmux$3933.
    dead port 1/2 on $mux $procmux$3931.
    dead port 2/2 on $mux $procmux$3931.
    dead port 1/2 on $mux $procmux$3929.
    dead port 2/2 on $mux $procmux$3929.
    dead port 1/2 on $mux $procmux$3926.
    dead port 2/2 on $mux $procmux$3926.
    dead port 1/2 on $mux $procmux$3917.
    dead port 2/2 on $mux $procmux$3917.
    dead port 1/2 on $mux $procmux$7741.
    dead port 2/2 on $mux $procmux$7741.
    dead port 1/2 on $mux $procmux$3915.
    dead port 2/2 on $mux $procmux$3915.
    dead port 1/2 on $mux $procmux$3912.
    dead port 2/2 on $mux $procmux$3912.
    dead port 1/2 on $mux $procmux$3909.
    dead port 2/2 on $mux $procmux$3909.
    dead port 1/2 on $mux $procmux$3907.
    dead port 2/2 on $mux $procmux$3907.
    dead port 1/2 on $mux $procmux$7736.
    dead port 2/2 on $mux $procmux$7736.
    dead port 1/2 on $mux $procmux$3905.
    dead port 2/2 on $mux $procmux$3905.
    dead port 1/2 on $mux $procmux$3902.
    dead port 2/2 on $mux $procmux$3902.
    dead port 1/2 on $mux $procmux$3893.
    dead port 2/2 on $mux $procmux$3893.
    dead port 1/2 on $mux $procmux$3891.
    dead port 2/2 on $mux $procmux$3891.
    dead port 1/2 on $mux $procmux$3888.
    dead port 2/2 on $mux $procmux$3888.
    dead port 1/2 on $mux $procmux$3885.
    dead port 2/2 on $mux $procmux$3885.
    dead port 1/2 on $mux $procmux$3883.
    dead port 2/2 on $mux $procmux$3883.
    dead port 1/2 on $mux $procmux$7734.
    dead port 2/2 on $mux $procmux$7734.
    dead port 1/2 on $mux $procmux$3881.
    dead port 2/2 on $mux $procmux$3881.
    dead port 1/2 on $mux $procmux$3878.
    dead port 2/2 on $mux $procmux$3878.
    dead port 1/2 on $mux $procmux$3869.
    dead port 2/2 on $mux $procmux$3869.
    dead port 1/2 on $mux $procmux$7729.
    dead port 2/2 on $mux $procmux$7729.
    dead port 1/2 on $mux $procmux$3867.
    dead port 2/2 on $mux $procmux$3867.
    dead port 1/2 on $mux $procmux$3864.
    dead port 2/2 on $mux $procmux$3864.
    dead port 1/2 on $mux $procmux$3861.
    dead port 2/2 on $mux $procmux$3861.
    dead port 1/2 on $mux $procmux$3859.
    dead port 2/2 on $mux $procmux$3859.
    dead port 1/2 on $mux $procmux$3857.
    dead port 2/2 on $mux $procmux$3857.
    dead port 1/2 on $mux $procmux$3854.
    dead port 2/2 on $mux $procmux$3854.
    dead port 1/2 on $mux $procmux$3845.
    dead port 2/2 on $mux $procmux$3845.
    dead port 1/2 on $mux $procmux$7727.
    dead port 2/2 on $mux $procmux$7727.
    dead port 1/2 on $mux $procmux$3843.
    dead port 2/2 on $mux $procmux$3843.
    dead port 1/2 on $mux $procmux$3840.
    dead port 2/2 on $mux $procmux$3840.
    dead port 1/2 on $mux $procmux$3837.
    dead port 2/2 on $mux $procmux$3837.
    dead port 1/2 on $mux $procmux$3835.
    dead port 2/2 on $mux $procmux$3835.
    dead port 1/2 on $mux $procmux$7722.
    dead port 2/2 on $mux $procmux$7722.
    dead port 1/2 on $mux $procmux$3833.
    dead port 2/2 on $mux $procmux$3833.
    dead port 1/2 on $mux $procmux$3830.
    dead port 2/2 on $mux $procmux$3830.
    dead port 1/2 on $mux $procmux$3821.
    dead port 2/2 on $mux $procmux$3821.
    dead port 1/2 on $mux $procmux$3819.
    dead port 2/2 on $mux $procmux$3819.
    dead port 1/2 on $mux $procmux$3816.
    dead port 2/2 on $mux $procmux$3816.
    dead port 1/2 on $mux $procmux$3813.
    dead port 2/2 on $mux $procmux$3813.
    dead port 1/2 on $mux $procmux$3811.
    dead port 2/2 on $mux $procmux$3811.
    dead port 1/2 on $mux $procmux$7720.
    dead port 2/2 on $mux $procmux$7720.
    dead port 1/2 on $mux $procmux$3809.
    dead port 2/2 on $mux $procmux$3809.
    dead port 1/2 on $mux $procmux$3806.
    dead port 2/2 on $mux $procmux$3806.
    dead port 1/2 on $mux $procmux$7715.
    dead port 2/2 on $mux $procmux$7715.
    dead port 1/5 on $pmux $procmux$8428.
    dead port 2/5 on $pmux $procmux$8428.
    dead port 3/5 on $pmux $procmux$8428.
    dead port 4/5 on $pmux $procmux$8428.
    dead port 5/5 on $pmux $procmux$8428.
    dead port 1/2 on $mux $procmux$7713.
    dead port 2/2 on $mux $procmux$7713.
    dead port 1/2 on $mux $procmux$7708.
    dead port 2/2 on $mux $procmux$7708.
    dead port 1/2 on $mux $procmux$7706.
    dead port 2/2 on $mux $procmux$7706.
    dead port 1/2 on $mux $procmux$7701.
    dead port 2/2 on $mux $procmux$7701.
    dead port 2/2 on $mux $procmux$3689.
    dead port 1/2 on $mux $procmux$7699.
    dead port 2/2 on $mux $procmux$7699.
    dead port 1/2 on $mux $procmux$3687.
    dead port 1/2 on $mux $procmux$3684.
    dead port 2/2 on $mux $procmux$3681.
    dead port 2/2 on $mux $procmux$3679.
    dead port 1/2 on $mux $procmux$7694.
    dead port 2/2 on $mux $procmux$7694.
    dead port 2/2 on $mux $procmux$3669.
    dead port 1/2 on $mux $procmux$3667.
    dead port 1/2 on $mux $procmux$3664.
    dead port 2/2 on $mux $procmux$3661.
    dead port 2/2 on $mux $procmux$3659.
    dead port 1/2 on $mux $procmux$7692.
    dead port 2/2 on $mux $procmux$7692.
    dead port 2/2 on $mux $procmux$3649.
    dead port 1/2 on $mux $procmux$7687.
    dead port 2/2 on $mux $procmux$7687.
    dead port 1/2 on $mux $procmux$3647.
    dead port 1/2 on $mux $procmux$3644.
    dead port 2/2 on $mux $procmux$3641.
    dead port 2/2 on $mux $procmux$3639.
    dead port 2/2 on $mux $procmux$3629.
    dead port 1/2 on $mux $procmux$7685.
    dead port 2/2 on $mux $procmux$7685.
    dead port 1/2 on $mux $procmux$3627.
    dead port 1/2 on $mux $procmux$3624.
    dead port 2/2 on $mux $procmux$3621.
    dead port 2/2 on $mux $procmux$3619.
    dead port 1/2 on $mux $procmux$7680.
    dead port 2/2 on $mux $procmux$7680.
    dead port 2/2 on $mux $procmux$3609.
    dead port 1/5 on $pmux $procmux$8423.
    dead port 2/5 on $pmux $procmux$8423.
    dead port 3/5 on $pmux $procmux$8423.
    dead port 4/5 on $pmux $procmux$8423.
    dead port 5/5 on $pmux $procmux$8423.
    dead port 1/2 on $mux $procmux$3607.
    dead port 1/2 on $mux $procmux$3604.
    dead port 2/2 on $mux $procmux$3601.
    dead port 2/2 on $mux $procmux$3599.
    dead port 1/2 on $mux $procmux$7678.
    dead port 2/2 on $mux $procmux$7678.
    dead port 2/2 on $mux $procmux$3589.
    dead port 1/2 on $mux $procmux$7673.
    dead port 2/2 on $mux $procmux$7673.
    dead port 1/2 on $mux $procmux$3587.
    dead port 1/2 on $mux $procmux$3584.
    dead port 2/2 on $mux $procmux$3581.
    dead port 2/2 on $mux $procmux$3579.
    dead port 2/2 on $mux $procmux$3569.
    dead port 1/2 on $mux $procmux$7671.
    dead port 2/2 on $mux $procmux$7671.
    dead port 1/2 on $mux $procmux$3567.
    dead port 1/2 on $mux $procmux$3564.
    dead port 2/2 on $mux $procmux$3561.
    dead port 2/2 on $mux $procmux$3559.
    dead port 1/2 on $mux $procmux$7666.
    dead port 2/2 on $mux $procmux$7666.
    dead port 2/2 on $mux $procmux$3549.
    dead port 1/2 on $mux $procmux$3547.
    dead port 1/2 on $mux $procmux$3544.
    dead port 2/2 on $mux $procmux$3541.
    dead port 2/2 on $mux $procmux$3539.
    dead port 1/2 on $mux $procmux$7664.
    dead port 2/2 on $mux $procmux$7664.
    dead port 2/2 on $mux $procmux$3529.
    dead port 1/2 on $mux $procmux$7659.
    dead port 2/2 on $mux $procmux$7659.
    dead port 1/2 on $mux $procmux$3527.
    dead port 1/2 on $mux $procmux$3524.
    dead port 2/2 on $mux $procmux$3521.
    dead port 2/2 on $mux $procmux$3519.
    dead port 1/2 on $mux $procmux$3509.
    dead port 2/2 on $mux $procmux$3509.
    dead port 1/2 on $mux $procmux$7657.
    dead port 2/2 on $mux $procmux$7657.
    dead port 1/2 on $mux $procmux$3507.
    dead port 2/2 on $mux $procmux$3507.
    dead port 1/2 on $mux $procmux$3504.
    dead port 2/2 on $mux $procmux$3504.
    dead port 1/2 on $mux $procmux$3501.
    dead port 2/2 on $mux $procmux$3501.
    dead port 1/2 on $mux $procmux$3499.
    dead port 2/2 on $mux $procmux$3499.
    dead port 1/2 on $mux $procmux$7652.
    dead port 2/2 on $mux $procmux$7652.
    dead port 1/2 on $mux $procmux$3497.
    dead port 2/2 on $mux $procmux$3497.
    dead port 1/2 on $mux $procmux$3489.
    dead port 2/2 on $mux $procmux$3489.
    dead port 1/2 on $mux $procmux$3487.
    dead port 2/2 on $mux $procmux$3487.
    dead port 1/2 on $mux $procmux$3484.
    dead port 2/2 on $mux $procmux$3484.
    dead port 1/2 on $mux $procmux$3481.
    dead port 2/2 on $mux $procmux$3481.
    dead port 1/2 on $mux $procmux$3479.
    dead port 2/2 on $mux $procmux$3479.
    dead port 1/2 on $mux $procmux$7650.
    dead port 2/2 on $mux $procmux$7650.
    dead port 1/2 on $mux $procmux$3477.
    dead port 2/2 on $mux $procmux$3477.
    dead port 1/2 on $mux $procmux$3469.
    dead port 2/2 on $mux $procmux$3469.
    dead port 2/2 on $mux $procmux$7645.
    dead port 1/2 on $mux $procmux$3467.
    dead port 2/2 on $mux $procmux$3467.
    dead port 1/2 on $mux $procmux$3464.
    dead port 2/2 on $mux $procmux$3464.
    dead port 1/2 on $mux $procmux$3461.
    dead port 2/2 on $mux $procmux$3461.
    dead port 1/2 on $mux $procmux$3459.
    dead port 2/2 on $mux $procmux$3459.
    dead port 1/5 on $pmux $procmux$8418.
    dead port 2/5 on $pmux $procmux$8418.
    dead port 3/5 on $pmux $procmux$8418.
    dead port 4/5 on $pmux $procmux$8418.
    dead port 5/5 on $pmux $procmux$8418.
    dead port 1/2 on $mux $procmux$3457.
    dead port 2/2 on $mux $procmux$3457.
    dead port 1/2 on $mux $procmux$3449.
    dead port 2/2 on $mux $procmux$3449.
    dead port 1/2 on $mux $procmux$3447.
    dead port 2/2 on $mux $procmux$3447.
    dead port 1/2 on $mux $procmux$3444.
    dead port 2/2 on $mux $procmux$3444.
    dead port 1/2 on $mux $procmux$3441.
    dead port 2/2 on $mux $procmux$3441.
    dead port 1/2 on $mux $procmux$3439.
    dead port 2/2 on $mux $procmux$3439.
    dead port 2/2 on $mux $procmux$7638.
    dead port 1/2 on $mux $procmux$3437.
    dead port 2/2 on $mux $procmux$3437.
    dead port 1/2 on $mux $procmux$3429.
    dead port 2/2 on $mux $procmux$3429.
    dead port 1/2 on $mux $procmux$3427.
    dead port 2/2 on $mux $procmux$3427.
    dead port 1/2 on $mux $procmux$3424.
    dead port 2/2 on $mux $procmux$3424.
    dead port 1/2 on $mux $procmux$3421.
    dead port 2/2 on $mux $procmux$3421.
    dead port 1/2 on $mux $procmux$3419.
    dead port 2/2 on $mux $procmux$3419.
    dead port 1/2 on $mux $procmux$3417.
    dead port 2/2 on $mux $procmux$3417.
    dead port 1/2 on $mux $procmux$3409.
    dead port 2/2 on $mux $procmux$3409.
    dead port 2/2 on $mux $procmux$7631.
    dead port 1/2 on $mux $procmux$3407.
    dead port 2/2 on $mux $procmux$3407.
    dead port 1/2 on $mux $procmux$3404.
    dead port 2/2 on $mux $procmux$3404.
    dead port 1/2 on $mux $procmux$3401.
    dead port 2/2 on $mux $procmux$3401.
    dead port 1/2 on $mux $procmux$3399.
    dead port 2/2 on $mux $procmux$3399.
    dead port 1/2 on $mux $procmux$3397.
    dead port 2/2 on $mux $procmux$3397.
    dead port 1/2 on $mux $procmux$3389.
    dead port 2/2 on $mux $procmux$3389.
    dead port 1/2 on $mux $procmux$3387.
    dead port 2/2 on $mux $procmux$3387.
    dead port 1/2 on $mux $procmux$3384.
    dead port 2/2 on $mux $procmux$3384.
    dead port 1/2 on $mux $procmux$3381.
    dead port 2/2 on $mux $procmux$3381.
    dead port 1/2 on $mux $procmux$3379.
    dead port 2/2 on $mux $procmux$3379.
    dead port 2/2 on $mux $procmux$7624.
    dead port 1/2 on $mux $procmux$3377.
    dead port 2/2 on $mux $procmux$3377.
    dead port 1/2 on $mux $procmux$3369.
    dead port 2/2 on $mux $procmux$3369.
    dead port 1/2 on $mux $procmux$3367.
    dead port 2/2 on $mux $procmux$3367.
    dead port 1/2 on $mux $procmux$3364.
    dead port 2/2 on $mux $procmux$3364.
    dead port 1/2 on $mux $procmux$3361.
    dead port 2/2 on $mux $procmux$3361.
    dead port 1/2 on $mux $procmux$3359.
    dead port 2/2 on $mux $procmux$3359.
    dead port 1/2 on $mux $procmux$3357.
    dead port 2/2 on $mux $procmux$3357.
    dead port 1/2 on $mux $procmux$3349.
    dead port 2/2 on $mux $procmux$3349.
    dead port 2/2 on $mux $procmux$7617.
    dead port 1/2 on $mux $procmux$3347.
    dead port 2/2 on $mux $procmux$3347.
    dead port 1/2 on $mux $procmux$3344.
    dead port 2/2 on $mux $procmux$3344.
    dead port 1/2 on $mux $procmux$3341.
    dead port 2/2 on $mux $procmux$3341.
    dead port 1/2 on $mux $procmux$3339.
    dead port 2/2 on $mux $procmux$3339.
    dead port 1/2 on $mux $procmux$3337.
    dead port 2/2 on $mux $procmux$3337.
    dead port 1/2 on $mux $procmux$3329.
    dead port 2/2 on $mux $procmux$3329.
    dead port 1/2 on $mux $procmux$3327.
    dead port 2/2 on $mux $procmux$3327.
    dead port 1/2 on $mux $procmux$3324.
    dead port 2/2 on $mux $procmux$3324.
    dead port 1/2 on $mux $procmux$3321.
    dead port 2/2 on $mux $procmux$3321.
    dead port 1/2 on $mux $procmux$3319.
    dead port 2/2 on $mux $procmux$3319.
    dead port 2/2 on $mux $procmux$7610.
    dead port 1/2 on $mux $procmux$3317.
    dead port 2/2 on $mux $procmux$3317.
    dead port 1/2 on $mux $procmux$3309.
    dead port 2/2 on $mux $procmux$3309.
    dead port 1/5 on $pmux $procmux$8413.
    dead port 2/5 on $pmux $procmux$8413.
    dead port 3/5 on $pmux $procmux$8413.
    dead port 4/5 on $pmux $procmux$8413.
    dead port 5/5 on $pmux $procmux$8413.
    dead port 1/2 on $mux $procmux$3307.
    dead port 2/2 on $mux $procmux$3307.
    dead port 1/2 on $mux $procmux$3304.
    dead port 2/2 on $mux $procmux$3304.
    dead port 1/2 on $mux $procmux$3301.
    dead port 2/2 on $mux $procmux$3301.
    dead port 1/2 on $mux $procmux$3299.
    dead port 2/2 on $mux $procmux$3299.
    dead port 1/2 on $mux $procmux$3297.
    dead port 2/2 on $mux $procmux$3297.
    dead port 1/2 on $mux $procmux$3289.
    dead port 2/2 on $mux $procmux$3289.
    dead port 2/2 on $mux $procmux$7603.
    dead port 1/2 on $mux $procmux$3287.
    dead port 2/2 on $mux $procmux$3287.
    dead port 1/2 on $mux $procmux$3284.
    dead port 2/2 on $mux $procmux$3284.
    dead port 1/2 on $mux $procmux$3281.
    dead port 2/2 on $mux $procmux$3281.
    dead port 1/2 on $mux $procmux$3279.
    dead port 2/2 on $mux $procmux$3279.
    dead port 1/2 on $mux $procmux$3277.
    dead port 2/2 on $mux $procmux$3277.
    dead port 2/2 on $mux $procmux$3269.
    dead port 1/2 on $mux $procmux$3267.
    dead port 1/2 on $mux $procmux$3264.
    dead port 2/2 on $mux $procmux$3261.
    dead port 2/2 on $mux $procmux$3259.
    dead port 2/2 on $mux $procmux$7596.
    dead port 1/2 on $mux $procmux$3257.
    dead port 2/2 on $mux $procmux$3246.
    dead port 1/2 on $mux $procmux$3244.
    dead port 1/2 on $mux $procmux$3241.
    dead port 2/2 on $mux $procmux$3238.
    dead port 2/2 on $mux $procmux$3236.
    dead port 1/2 on $mux $procmux$3234.
    dead port 2/2 on $mux $procmux$3223.
    dead port 2/2 on $mux $procmux$7589.
    dead port 1/2 on $mux $procmux$3221.
    dead port 1/2 on $mux $procmux$3218.
    dead port 2/2 on $mux $procmux$3215.
    dead port 2/2 on $mux $procmux$3213.
    dead port 1/2 on $mux $procmux$3211.
    dead port 2/2 on $mux $procmux$3200.
    dead port 1/2 on $mux $procmux$3198.
    dead port 1/2 on $mux $procmux$3195.
    dead port 2/2 on $mux $procmux$3192.
    dead port 2/2 on $mux $procmux$3190.
    dead port 1/2 on $mux $procmux$3188.
    dead port 2/2 on $mux $procmux$3177.
    dead port 1/2 on $mux $procmux$3175.
    dead port 1/2 on $mux $procmux$3172.
    dead port 2/2 on $mux $procmux$3169.
    dead port 2/2 on $mux $procmux$3167.
    dead port 1/2 on $mux $procmux$3165.
    dead port 2/2 on $mux $procmux$3154.
    dead port 1/2 on $mux $procmux$3152.
    dead port 1/2 on $mux $procmux$3149.
    dead port 2/2 on $mux $procmux$3146.
    dead port 2/2 on $mux $procmux$3144.
    dead port 1/2 on $mux $procmux$3142.
    dead port 2/2 on $mux $procmux$3131.
    dead port 1/5 on $pmux $procmux$8408.
    dead port 2/5 on $pmux $procmux$8408.
    dead port 3/5 on $pmux $procmux$8408.
    dead port 4/5 on $pmux $procmux$8408.
    dead port 5/5 on $pmux $procmux$8408.
    dead port 1/2 on $mux $procmux$3129.
    dead port 1/2 on $mux $procmux$3126.
    dead port 2/2 on $mux $procmux$3123.
    dead port 2/2 on $mux $procmux$3121.
    dead port 1/2 on $mux $procmux$3119.
    dead port 2/2 on $mux $procmux$3108.
    dead port 1/2 on $mux $procmux$3106.
    dead port 1/2 on $mux $procmux$3103.
    dead port 2/2 on $mux $procmux$3100.
    dead port 2/2 on $mux $procmux$3098.
    dead port 1/2 on $mux $procmux$3096.
    dead port 2/2 on $mux $procmux$3085.
    dead port 1/2 on $mux $procmux$3083.
    dead port 1/2 on $mux $procmux$3080.
    dead port 2/2 on $mux $procmux$3077.
    dead port 2/2 on $mux $procmux$3075.
    dead port 1/2 on $mux $procmux$3073.
    dead port 1/2 on $mux $procmux$3062.
    dead port 2/2 on $mux $procmux$3062.
    dead port 1/2 on $mux $procmux$3060.
    dead port 2/2 on $mux $procmux$3060.
    dead port 1/2 on $mux $procmux$3057.
    dead port 2/2 on $mux $procmux$3057.
    dead port 1/2 on $mux $procmux$3054.
    dead port 2/2 on $mux $procmux$3054.
    dead port 1/2 on $mux $procmux$3052.
    dead port 2/2 on $mux $procmux$3052.
    dead port 1/2 on $mux $procmux$3050.
    dead port 2/2 on $mux $procmux$3050.
    dead port 1/2 on $mux $procmux$3047.
    dead port 2/2 on $mux $procmux$3047.
    dead port 1/2 on $mux $procmux$3039.
    dead port 2/2 on $mux $procmux$3039.
    dead port 1/2 on $mux $procmux$3037.
    dead port 2/2 on $mux $procmux$3037.
    dead port 1/2 on $mux $procmux$3034.
    dead port 2/2 on $mux $procmux$3034.
    dead port 1/2 on $mux $procmux$3031.
    dead port 2/2 on $mux $procmux$3031.
    dead port 1/2 on $mux $procmux$3029.
    dead port 2/2 on $mux $procmux$3029.
    dead port 1/2 on $mux $procmux$3027.
    dead port 2/2 on $mux $procmux$3027.
    dead port 1/2 on $mux $procmux$3024.
    dead port 2/2 on $mux $procmux$3024.
    dead port 1/2 on $mux $procmux$3016.
    dead port 2/2 on $mux $procmux$3016.
    dead port 1/2 on $mux $procmux$3014.
    dead port 2/2 on $mux $procmux$3014.
    dead port 1/2 on $mux $procmux$3011.
    dead port 2/2 on $mux $procmux$3011.
    dead port 1/2 on $mux $procmux$3008.
    dead port 2/2 on $mux $procmux$3008.
    dead port 1/2 on $mux $procmux$3006.
    dead port 2/2 on $mux $procmux$3006.
    dead port 1/2 on $mux $procmux$3004.
    dead port 2/2 on $mux $procmux$3004.
    dead port 1/2 on $mux $procmux$3001.
    dead port 2/2 on $mux $procmux$3001.
    dead port 1/2 on $mux $procmux$2993.
    dead port 2/2 on $mux $procmux$2993.
    dead port 1/2 on $mux $procmux$2991.
    dead port 2/2 on $mux $procmux$2991.
    dead port 1/2 on $mux $procmux$2988.
    dead port 2/2 on $mux $procmux$2988.
    dead port 1/2 on $mux $procmux$2985.
    dead port 2/2 on $mux $procmux$2985.
    dead port 1/2 on $mux $procmux$2983.
    dead port 2/2 on $mux $procmux$2983.
    dead port 1/2 on $mux $procmux$2981.
    dead port 2/2 on $mux $procmux$2981.
    dead port 1/2 on $mux $procmux$2978.
    dead port 2/2 on $mux $procmux$2978.
    dead port 1/2 on $mux $procmux$2970.
    dead port 2/2 on $mux $procmux$2970.
    dead port 1/2 on $mux $procmux$2968.
    dead port 2/2 on $mux $procmux$2968.
    dead port 1/2 on $mux $procmux$2965.
    dead port 2/2 on $mux $procmux$2965.
    dead port 1/2 on $mux $procmux$2962.
    dead port 2/2 on $mux $procmux$2962.
    dead port 1/2 on $mux $procmux$2960.
    dead port 2/2 on $mux $procmux$2960.
    dead port 1/5 on $pmux $procmux$8403.
    dead port 2/5 on $pmux $procmux$8403.
    dead port 3/5 on $pmux $procmux$8403.
    dead port 4/5 on $pmux $procmux$8403.
    dead port 5/5 on $pmux $procmux$8403.
    dead port 1/2 on $mux $procmux$2958.
    dead port 2/2 on $mux $procmux$2958.
    dead port 1/2 on $mux $procmux$2955.
    dead port 2/2 on $mux $procmux$2955.
    dead port 1/2 on $mux $procmux$2947.
    dead port 2/2 on $mux $procmux$2947.
    dead port 1/2 on $mux $procmux$2945.
    dead port 2/2 on $mux $procmux$2945.
    dead port 1/2 on $mux $procmux$2942.
    dead port 2/2 on $mux $procmux$2942.
    dead port 1/2 on $mux $procmux$2939.
    dead port 2/2 on $mux $procmux$2939.
    dead port 1/2 on $mux $procmux$2937.
    dead port 2/2 on $mux $procmux$2937.
    dead port 1/2 on $mux $procmux$2935.
    dead port 2/2 on $mux $procmux$2935.
    dead port 1/2 on $mux $procmux$2932.
    dead port 2/2 on $mux $procmux$2932.
    dead port 1/2 on $mux $procmux$2924.
    dead port 2/2 on $mux $procmux$2924.
    dead port 1/2 on $mux $procmux$2922.
    dead port 2/2 on $mux $procmux$2922.
    dead port 1/2 on $mux $procmux$2919.
    dead port 2/2 on $mux $procmux$2919.
    dead port 1/2 on $mux $procmux$2916.
    dead port 2/2 on $mux $procmux$2916.
    dead port 1/2 on $mux $procmux$2914.
    dead port 2/2 on $mux $procmux$2914.
    dead port 1/2 on $mux $procmux$7529.
    dead port 2/2 on $mux $procmux$7529.
    dead port 1/2 on $mux $procmux$2912.
    dead port 2/2 on $mux $procmux$2912.
    dead port 1/2 on $mux $procmux$2909.
    dead port 2/2 on $mux $procmux$2909.
    dead port 1/2 on $mux $procmux$2901.
    dead port 2/2 on $mux $procmux$2901.
    dead port 1/2 on $mux $procmux$2899.
    dead port 2/2 on $mux $procmux$2899.
    dead port 1/2 on $mux $procmux$2896.
    dead port 2/2 on $mux $procmux$2896.
    dead port 1/2 on $mux $procmux$2893.
    dead port 2/2 on $mux $procmux$2893.
    dead port 1/2 on $mux $procmux$2891.
    dead port 2/2 on $mux $procmux$2891.
    dead port 1/2 on $mux $procmux$7527.
    dead port 2/2 on $mux $procmux$7527.
    dead port 1/2 on $mux $procmux$2889.
    dead port 2/2 on $mux $procmux$2889.
    dead port 1/2 on $mux $procmux$2886.
    dead port 2/2 on $mux $procmux$2886.
    dead port 1/2 on $mux $procmux$2878.
    dead port 2/2 on $mux $procmux$2878.
    dead port 1/2 on $mux $procmux$7524.
    dead port 2/2 on $mux $procmux$7524.
    dead port 1/2 on $mux $procmux$2876.
    dead port 2/2 on $mux $procmux$2876.
    dead port 1/2 on $mux $procmux$2873.
    dead port 2/2 on $mux $procmux$2873.
    dead port 1/2 on $mux $procmux$2870.
    dead port 2/2 on $mux $procmux$2870.
    dead port 1/2 on $mux $procmux$2868.
    dead port 2/2 on $mux $procmux$2868.
    dead port 1/2 on $mux $procmux$7519.
    dead port 2/2 on $mux $procmux$7519.
    dead port 1/2 on $mux $procmux$2866.
    dead port 2/2 on $mux $procmux$2866.
    dead port 1/2 on $mux $procmux$2863.
    dead port 2/2 on $mux $procmux$2863.
    dead port 1/2 on $mux $procmux$2855.
    dead port 2/2 on $mux $procmux$2855.
    dead port 1/2 on $mux $procmux$2853.
    dead port 2/2 on $mux $procmux$2853.
    dead port 1/2 on $mux $procmux$2850.
    dead port 2/2 on $mux $procmux$2850.
    dead port 1/2 on $mux $procmux$2847.
    dead port 2/2 on $mux $procmux$2847.
    dead port 1/2 on $mux $procmux$2845.
    dead port 2/2 on $mux $procmux$2845.
    dead port 1/2 on $mux $procmux$7517.
    dead port 2/2 on $mux $procmux$7517.
    dead port 1/2 on $mux $procmux$2843.
    dead port 2/2 on $mux $procmux$2843.
    dead port 1/2 on $mux $procmux$2840.
    dead port 2/2 on $mux $procmux$2840.
    dead port 1/2 on $mux $procmux$2832.
    dead port 2/2 on $mux $procmux$2832.
    dead port 1/2 on $mux $procmux$7514.
    dead port 2/2 on $mux $procmux$7514.
    dead port 1/2 on $mux $procmux$2830.
    dead port 2/2 on $mux $procmux$2830.
    dead port 1/2 on $mux $procmux$2827.
    dead port 2/2 on $mux $procmux$2827.
    dead port 1/2 on $mux $procmux$2824.
    dead port 2/2 on $mux $procmux$2824.
    dead port 1/2 on $mux $procmux$2822.
    dead port 2/2 on $mux $procmux$2822.
    dead port 1/2 on $mux $procmux$7509.
    dead port 2/2 on $mux $procmux$7509.
    dead port 1/2 on $mux $procmux$2820.
    dead port 2/2 on $mux $procmux$2820.
    dead port 1/2 on $mux $procmux$2817.
    dead port 2/2 on $mux $procmux$2817.
    dead port 1/2 on $mux $procmux$2809.
    dead port 2/2 on $mux $procmux$2809.
    dead port 1/5 on $pmux $procmux$8398.
    dead port 2/5 on $pmux $procmux$8398.
    dead port 3/5 on $pmux $procmux$8398.
    dead port 4/5 on $pmux $procmux$8398.
    dead port 5/5 on $pmux $procmux$8398.
    dead port 1/2 on $mux $procmux$2807.
    dead port 2/2 on $mux $procmux$2807.
    dead port 1/2 on $mux $procmux$2804.
    dead port 2/2 on $mux $procmux$2804.
    dead port 1/2 on $mux $procmux$2801.
    dead port 2/2 on $mux $procmux$2801.
    dead port 1/2 on $mux $procmux$2799.
    dead port 2/2 on $mux $procmux$2799.
    dead port 1/2 on $mux $procmux$7507.
    dead port 2/2 on $mux $procmux$7507.
    dead port 1/2 on $mux $procmux$2797.
    dead port 2/2 on $mux $procmux$2797.
    dead port 1/2 on $mux $procmux$2794.
    dead port 2/2 on $mux $procmux$2794.
    dead port 1/2 on $mux $procmux$7504.
    dead port 2/2 on $mux $procmux$7504.
    dead port 1/2 on $mux $procmux$7499.
    dead port 2/2 on $mux $procmux$7499.
    dead port 1/2 on $mux $procmux$7497.
    dead port 2/2 on $mux $procmux$7497.
    dead port 1/2 on $mux $procmux$7494.
    dead port 2/2 on $mux $procmux$7494.
    dead port 2/2 on $mux $procmux$2682.
    dead port 1/2 on $mux $procmux$2680.
    dead port 1/2 on $mux $procmux$2677.
    dead port 2/2 on $mux $procmux$2674.
    dead port 2/2 on $mux $procmux$2672.
    dead port 2/2 on $mux $procmux$2663.
    dead port 1/2 on $mux $procmux$2661.
    dead port 1/2 on $mux $procmux$2658.
    dead port 2/2 on $mux $procmux$2655.
    dead port 2/2 on $mux $procmux$2653.
    dead port 1/5 on $pmux $procmux$8393.
    dead port 2/5 on $pmux $procmux$8393.
    dead port 3/5 on $pmux $procmux$8393.
    dead port 4/5 on $pmux $procmux$8393.
    dead port 5/5 on $pmux $procmux$8393.
    dead port 2/2 on $mux $procmux$2644.
    dead port 1/2 on $mux $procmux$2642.
    dead port 1/2 on $mux $procmux$2639.
    dead port 2/2 on $mux $procmux$2636.
    dead port 2/2 on $mux $procmux$2634.
    dead port 2/2 on $mux $procmux$2625.
    dead port 1/2 on $mux $procmux$2623.
    dead port 1/2 on $mux $procmux$2620.
    dead port 2/2 on $mux $procmux$2617.
    dead port 2/2 on $mux $procmux$2615.
    dead port 2/2 on $mux $procmux$2606.
    dead port 1/2 on $mux $procmux$2604.
    dead port 1/2 on $mux $procmux$2601.
    dead port 2/2 on $mux $procmux$2598.
    dead port 2/2 on $mux $procmux$2596.
    dead port 2/2 on $mux $procmux$2587.
    dead port 1/2 on $mux $procmux$2585.
    dead port 1/2 on $mux $procmux$2582.
    dead port 2/2 on $mux $procmux$2579.
    dead port 2/2 on $mux $procmux$2577.
    dead port 2/2 on $mux $procmux$2568.
    dead port 1/5 on $pmux $procmux$8388.
    dead port 2/5 on $pmux $procmux$8388.
    dead port 3/5 on $pmux $procmux$8388.
    dead port 4/5 on $pmux $procmux$8388.
    dead port 5/5 on $pmux $procmux$8388.
    dead port 1/2 on $mux $procmux$2566.
    dead port 1/2 on $mux $procmux$2563.
    dead port 2/2 on $mux $procmux$2560.
    dead port 2/2 on $mux $procmux$2558.
    dead port 2/2 on $mux $procmux$2549.
    dead port 1/2 on $mux $procmux$2547.
    dead port 1/2 on $mux $procmux$2544.
    dead port 2/2 on $mux $procmux$2541.
    dead port 2/2 on $mux $procmux$2539.
    dead port 1/2 on $mux $procmux$7457.
    dead port 2/2 on $mux $procmux$7457.
    dead port 2/2 on $mux $procmux$2530.
    dead port 1/2 on $mux $procmux$2528.
    dead port 1/2 on $mux $procmux$2525.
    dead port 2/2 on $mux $procmux$2522.
    dead port 2/2 on $mux $procmux$2520.
    dead port 1/2 on $mux $procmux$7455.
    dead port 2/2 on $mux $procmux$7455.
    dead port 1/2 on $mux $procmux$2511.
    dead port 2/2 on $mux $procmux$2511.
    dead port 1/2 on $mux $procmux$7451.
    dead port 2/2 on $mux $procmux$7451.
    dead port 1/2 on $mux $procmux$2509.
    dead port 2/2 on $mux $procmux$2509.
    dead port 1/2 on $mux $procmux$2506.
    dead port 2/2 on $mux $procmux$2506.
    dead port 1/2 on $mux $procmux$2503.
    dead port 2/2 on $mux $procmux$2503.
    dead port 1/2 on $mux $procmux$2501.
    dead port 2/2 on $mux $procmux$2501.
    dead port 1/2 on $mux $procmux$2499.
    dead port 2/2 on $mux $procmux$2499.
    dead port 1/2 on $mux $procmux$2492.
    dead port 2/2 on $mux $procmux$2492.
    dead port 1/2 on $mux $procmux$7449.
    dead port 2/2 on $mux $procmux$7449.
    dead port 1/2 on $mux $procmux$2490.
    dead port 2/2 on $mux $procmux$2490.
    dead port 1/2 on $mux $procmux$2487.
    dead port 2/2 on $mux $procmux$2487.
    dead port 1/2 on $mux $procmux$2484.
    dead port 2/2 on $mux $procmux$2484.
    dead port 1/2 on $mux $procmux$2482.
    dead port 2/2 on $mux $procmux$2482.
    dead port 1/2 on $mux $procmux$7445.
    dead port 2/2 on $mux $procmux$7445.
    dead port 1/2 on $mux $procmux$2480.
    dead port 2/2 on $mux $procmux$2480.
    dead port 1/2 on $mux $procmux$2473.
    dead port 2/2 on $mux $procmux$2473.
    dead port 1/2 on $mux $procmux$2471.
    dead port 2/2 on $mux $procmux$2471.
    dead port 1/2 on $mux $procmux$2468.
    dead port 2/2 on $mux $procmux$2468.
    dead port 1/2 on $mux $procmux$2465.
    dead port 2/2 on $mux $procmux$2465.
    dead port 1/2 on $mux $procmux$2463.
    dead port 2/2 on $mux $procmux$2463.
    dead port 1/2 on $mux $procmux$7443.
    dead port 2/2 on $mux $procmux$7443.
    dead port 1/2 on $mux $procmux$2461.
    dead port 2/2 on $mux $procmux$2461.
    dead port 1/2 on $mux $procmux$2454.
    dead port 2/2 on $mux $procmux$2454.
    dead port 1/2 on $mux $procmux$7439.
    dead port 2/2 on $mux $procmux$7439.
    dead port 1/2 on $mux $procmux$2452.
    dead port 2/2 on $mux $procmux$2452.
    dead port 1/2 on $mux $procmux$2449.
    dead port 2/2 on $mux $procmux$2449.
    dead port 1/2 on $mux $procmux$2446.
    dead port 2/2 on $mux $procmux$2446.
    dead port 1/2 on $mux $procmux$2444.
    dead port 2/2 on $mux $procmux$2444.
    dead port 1/5 on $pmux $procmux$8383.
    dead port 2/5 on $pmux $procmux$8383.
    dead port 3/5 on $pmux $procmux$8383.
    dead port 4/5 on $pmux $procmux$8383.
    dead port 5/5 on $pmux $procmux$8383.
    dead port 1/2 on $mux $procmux$2442.
    dead port 2/2 on $mux $procmux$2442.
    dead port 1/2 on $mux $procmux$2435.
    dead port 2/2 on $mux $procmux$2435.
    dead port 1/2 on $mux $procmux$7437.
    dead port 2/2 on $mux $procmux$7437.
    dead port 1/2 on $mux $procmux$2433.
    dead port 2/2 on $mux $procmux$2433.
    dead port 1/2 on $mux $procmux$2430.
    dead port 2/2 on $mux $procmux$2430.
    dead port 1/2 on $mux $procmux$2427.
    dead port 2/2 on $mux $procmux$2427.
    dead port 1/2 on $mux $procmux$2425.
    dead port 2/2 on $mux $procmux$2425.
    dead port 1/2 on $mux $procmux$7433.
    dead port 2/2 on $mux $procmux$7433.
    dead port 1/2 on $mux $procmux$2423.
    dead port 2/2 on $mux $procmux$2423.
    dead port 1/2 on $mux $procmux$2416.
    dead port 2/2 on $mux $procmux$2416.
    dead port 1/2 on $mux $procmux$2414.
    dead port 2/2 on $mux $procmux$2414.
    dead port 1/2 on $mux $procmux$2411.
    dead port 2/2 on $mux $procmux$2411.
    dead port 1/2 on $mux $procmux$2408.
    dead port 2/2 on $mux $procmux$2408.
    dead port 1/2 on $mux $procmux$2406.
    dead port 2/2 on $mux $procmux$2406.
    dead port 1/2 on $mux $procmux$7431.
    dead port 2/2 on $mux $procmux$7431.
    dead port 1/2 on $mux $procmux$2404.
    dead port 2/2 on $mux $procmux$2404.
    dead port 1/2 on $mux $procmux$2397.
    dead port 2/2 on $mux $procmux$2397.
    dead port 1/2 on $mux $procmux$7427.
    dead port 2/2 on $mux $procmux$7427.
    dead port 1/2 on $mux $procmux$2395.
    dead port 2/2 on $mux $procmux$2395.
    dead port 1/2 on $mux $procmux$2392.
    dead port 2/2 on $mux $procmux$2392.
    dead port 1/2 on $mux $procmux$2389.
    dead port 2/2 on $mux $procmux$2389.
    dead port 1/2 on $mux $procmux$2387.
    dead port 2/2 on $mux $procmux$2387.
    dead port 1/2 on $mux $procmux$2385.
    dead port 2/2 on $mux $procmux$2385.
    dead port 1/2 on $mux $procmux$2378.
    dead port 2/2 on $mux $procmux$2378.
    dead port 1/2 on $mux $procmux$7425.
    dead port 2/2 on $mux $procmux$7425.
    dead port 1/2 on $mux $procmux$2376.
    dead port 2/2 on $mux $procmux$2376.
    dead port 1/2 on $mux $procmux$2373.
    dead port 2/2 on $mux $procmux$2373.
    dead port 1/2 on $mux $procmux$2370.
    dead port 2/2 on $mux $procmux$2370.
    dead port 1/2 on $mux $procmux$2368.
    dead port 2/2 on $mux $procmux$2368.
    dead port 1/2 on $mux $procmux$7421.
    dead port 2/2 on $mux $procmux$7421.
    dead port 1/2 on $mux $procmux$2366.
    dead port 2/2 on $mux $procmux$2366.
    dead port 1/2 on $mux $procmux$2359.
    dead port 2/2 on $mux $procmux$2359.
    dead port 1/2 on $mux $procmux$2357.
    dead port 2/2 on $mux $procmux$2357.
    dead port 1/2 on $mux $procmux$2354.
    dead port 2/2 on $mux $procmux$2354.
    dead port 1/2 on $mux $procmux$2351.
    dead port 2/2 on $mux $procmux$2351.
    dead port 1/2 on $mux $procmux$2349.
    dead port 2/2 on $mux $procmux$2349.
    dead port 1/2 on $mux $procmux$7419.
    dead port 2/2 on $mux $procmux$7419.
    dead port 1/2 on $mux $procmux$2347.
    dead port 2/2 on $mux $procmux$2347.
    dead port 1/2 on $mux $procmux$2340.
    dead port 2/2 on $mux $procmux$2340.
    dead port 1/2 on $mux $procmux$7415.
    dead port 2/2 on $mux $procmux$7415.
    dead port 1/2 on $mux $procmux$2338.
    dead port 2/2 on $mux $procmux$2338.
    dead port 1/2 on $mux $procmux$2335.
    dead port 2/2 on $mux $procmux$2335.
    dead port 1/2 on $mux $procmux$2332.
    dead port 2/2 on $mux $procmux$2332.
    dead port 1/2 on $mux $procmux$2330.
    dead port 2/2 on $mux $procmux$2330.
    dead port 1/2 on $mux $procmux$2328.
    dead port 2/2 on $mux $procmux$2328.
    dead port 1/2 on $mux $procmux$2321.
    dead port 2/2 on $mux $procmux$2321.
    dead port 1/2 on $mux $procmux$7413.
    dead port 2/2 on $mux $procmux$7413.
    dead port 1/2 on $mux $procmux$2319.
    dead port 2/2 on $mux $procmux$2319.
    dead port 1/2 on $mux $procmux$2316.
    dead port 2/2 on $mux $procmux$2316.
    dead port 1/2 on $mux $procmux$2313.
    dead port 2/2 on $mux $procmux$2313.
    dead port 1/2 on $mux $procmux$2311.
    dead port 2/2 on $mux $procmux$2311.
    dead port 1/2 on $mux $procmux$7409.
    dead port 2/2 on $mux $procmux$7409.
    dead port 1/2 on $mux $procmux$2309.
    dead port 2/2 on $mux $procmux$2309.
    dead port 1/2 on $mux $procmux$2302.
    dead port 2/2 on $mux $procmux$2302.
    dead port 1/5 on $pmux $procmux$8378.
    dead port 2/5 on $pmux $procmux$8378.
    dead port 3/5 on $pmux $procmux$8378.
    dead port 4/5 on $pmux $procmux$8378.
    dead port 5/5 on $pmux $procmux$8378.
    dead port 1/2 on $mux $procmux$2300.
    dead port 2/2 on $mux $procmux$2300.
    dead port 1/2 on $mux $procmux$2297.
    dead port 2/2 on $mux $procmux$2297.
    dead port 1/2 on $mux $procmux$2294.
    dead port 2/2 on $mux $procmux$2294.
    dead port 1/2 on $mux $procmux$2292.
    dead port 2/2 on $mux $procmux$2292.
    dead port 1/2 on $mux $procmux$7407.
    dead port 2/2 on $mux $procmux$7407.
    dead port 1/2 on $mux $procmux$2290.
    dead port 2/2 on $mux $procmux$2290.
    dead port 2/2 on $mux $procmux$2283.
    dead port 1/2 on $mux $procmux$7403.
    dead port 2/2 on $mux $procmux$7403.
    dead port 1/2 on $mux $procmux$2281.
    dead port 1/2 on $mux $procmux$2278.
    dead port 2/2 on $mux $procmux$2275.
    dead port 2/2 on $mux $procmux$2273.
    dead port 1/2 on $mux $procmux$2271.
    dead port 2/2 on $mux $procmux$2261.
    dead port 1/2 on $mux $procmux$7401.
    dead port 2/2 on $mux $procmux$7401.
    dead port 1/2 on $mux $procmux$2259.
    dead port 1/2 on $mux $procmux$2256.
    dead port 2/2 on $mux $procmux$2253.
    dead port 2/2 on $mux $procmux$2251.
    dead port 1/2 on $mux $procmux$7397.
    dead port 2/2 on $mux $procmux$7397.
    dead port 1/2 on $mux $procmux$2249.
    dead port 2/2 on $mux $procmux$2239.
    dead port 1/2 on $mux $procmux$2237.
    dead port 1/2 on $mux $procmux$2234.
    dead port 2/2 on $mux $procmux$2231.
    dead port 2/2 on $mux $procmux$2229.
    dead port 1/2 on $mux $procmux$7395.
    dead port 2/2 on $mux $procmux$7395.
    dead port 1/2 on $mux $procmux$2227.
    dead port 2/2 on $mux $procmux$2217.
    dead port 1/2 on $mux $procmux$7391.
    dead port 2/2 on $mux $procmux$7391.
    dead port 1/2 on $mux $procmux$2215.
    dead port 1/2 on $mux $procmux$2212.
    dead port 2/2 on $mux $procmux$2209.
    dead port 2/2 on $mux $procmux$2207.
    dead port 1/2 on $mux $procmux$2205.
    dead port 2/2 on $mux $procmux$2195.
    dead port 1/2 on $mux $procmux$7389.
    dead port 2/2 on $mux $procmux$7389.
    dead port 1/2 on $mux $procmux$2193.
    dead port 1/2 on $mux $procmux$2190.
    dead port 2/2 on $mux $procmux$2187.
    dead port 2/2 on $mux $procmux$2185.
    dead port 1/2 on $mux $procmux$7385.
    dead port 2/2 on $mux $procmux$7385.
    dead port 1/2 on $mux $procmux$2183.
    dead port 2/2 on $mux $procmux$2173.
    dead port 1/2 on $mux $procmux$2171.
    dead port 1/2 on $mux $procmux$2168.
    dead port 2/2 on $mux $procmux$2165.
    dead port 2/2 on $mux $procmux$2163.
    dead port 1/2 on $mux $procmux$7383.
    dead port 2/2 on $mux $procmux$7383.
    dead port 1/2 on $mux $procmux$2161.
    dead port 2/2 on $mux $procmux$2151.
    dead port 1/2 on $mux $procmux$7379.
    dead port 2/2 on $mux $procmux$7379.
    dead port 1/2 on $mux $procmux$2149.
    dead port 1/2 on $mux $procmux$2146.
    dead port 2/2 on $mux $procmux$2143.
    dead port 2/2 on $mux $procmux$2141.
    dead port 1/5 on $pmux $procmux$8373.
    dead port 2/5 on $pmux $procmux$8373.
    dead port 3/5 on $pmux $procmux$8373.
    dead port 4/5 on $pmux $procmux$8373.
    dead port 5/5 on $pmux $procmux$8373.
    dead port 1/2 on $mux $procmux$2139.
    dead port 2/2 on $mux $procmux$2129.
    dead port 1/2 on $mux $procmux$7377.
    dead port 2/2 on $mux $procmux$7377.
    dead port 1/2 on $mux $procmux$2127.
    dead port 1/2 on $mux $procmux$2124.
    dead port 2/2 on $mux $procmux$2121.
    dead port 2/2 on $mux $procmux$2119.
    dead port 1/2 on $mux $procmux$7373.
    dead port 2/2 on $mux $procmux$7373.
    dead port 1/2 on $mux $procmux$2117.
    dead port 2/2 on $mux $procmux$2107.
    dead port 1/2 on $mux $procmux$2105.
    dead port 1/2 on $mux $procmux$2102.
    dead port 2/2 on $mux $procmux$2099.
    dead port 2/2 on $mux $procmux$2097.
    dead port 1/2 on $mux $procmux$7371.
    dead port 2/2 on $mux $procmux$7371.
    dead port 1/2 on $mux $procmux$2095.
    dead port 1/2 on $mux $procmux$2085.
    dead port 2/2 on $mux $procmux$2085.
    dead port 1/2 on $mux $procmux$7367.
    dead port 2/2 on $mux $procmux$7367.
    dead port 1/2 on $mux $procmux$2083.
    dead port 2/2 on $mux $procmux$2083.
    dead port 1/2 on $mux $procmux$2080.
    dead port 2/2 on $mux $procmux$2080.
    dead port 1/2 on $mux $procmux$2077.
    dead port 2/2 on $mux $procmux$2077.
    dead port 1/2 on $mux $procmux$2075.
    dead port 2/2 on $mux $procmux$2075.
    dead port 1/2 on $mux $procmux$2073.
    dead port 2/2 on $mux $procmux$2073.
    dead port 1/2 on $mux $procmux$2070.
    dead port 2/2 on $mux $procmux$2070.
    dead port 1/2 on $mux $procmux$2063.
    dead port 2/2 on $mux $procmux$2063.
    dead port 1/2 on $mux $procmux$7365.
    dead port 2/2 on $mux $procmux$7365.
    dead port 1/2 on $mux $procmux$2061.
    dead port 2/2 on $mux $procmux$2061.
    dead port 1/2 on $mux $procmux$2058.
    dead port 2/2 on $mux $procmux$2058.
    dead port 1/2 on $mux $procmux$2055.
    dead port 2/2 on $mux $procmux$2055.
    dead port 1/2 on $mux $procmux$2053.
    dead port 2/2 on $mux $procmux$2053.
    dead port 1/2 on $mux $procmux$7361.
    dead port 2/2 on $mux $procmux$7361.
    dead port 1/2 on $mux $procmux$2051.
    dead port 2/2 on $mux $procmux$2051.
    dead port 1/2 on $mux $procmux$2048.
    dead port 2/2 on $mux $procmux$2048.
    dead port 1/2 on $mux $procmux$2041.
    dead port 2/2 on $mux $procmux$2041.
    dead port 1/2 on $mux $procmux$2039.
    dead port 2/2 on $mux $procmux$2039.
    dead port 1/2 on $mux $procmux$2036.
    dead port 2/2 on $mux $procmux$2036.
    dead port 1/2 on $mux $procmux$2033.
    dead port 2/2 on $mux $procmux$2033.
    dead port 1/2 on $mux $procmux$2031.
    dead port 2/2 on $mux $procmux$2031.
    dead port 1/2 on $mux $procmux$7359.
    dead port 2/2 on $mux $procmux$7359.
    dead port 1/2 on $mux $procmux$2029.
    dead port 2/2 on $mux $procmux$2029.
    dead port 1/2 on $mux $procmux$2026.
    dead port 2/2 on $mux $procmux$2026.
    dead port 1/2 on $mux $procmux$2019.
    dead port 2/2 on $mux $procmux$2019.
    dead port 1/2 on $mux $procmux$7355.
    dead port 2/2 on $mux $procmux$7355.
    dead port 1/2 on $mux $procmux$2017.
    dead port 2/2 on $mux $procmux$2017.
    dead port 1/2 on $mux $procmux$2014.
    dead port 2/2 on $mux $procmux$2014.
    dead port 1/2 on $mux $procmux$2011.
    dead port 2/2 on $mux $procmux$2011.
    dead port 1/2 on $mux $procmux$2009.
    dead port 2/2 on $mux $procmux$2009.
    dead port 1/2 on $mux $procmux$2007.
    dead port 2/2 on $mux $procmux$2007.
    dead port 1/2 on $mux $procmux$2004.
    dead port 2/2 on $mux $procmux$2004.
    dead port 1/2 on $mux $procmux$1997.
    dead port 2/2 on $mux $procmux$1997.
    dead port 1/2 on $mux $procmux$7353.
    dead port 2/2 on $mux $procmux$7353.
    dead port 1/2 on $mux $procmux$1995.
    dead port 2/2 on $mux $procmux$1995.
    dead port 1/2 on $mux $procmux$1992.
    dead port 2/2 on $mux $procmux$1992.
    dead port 1/2 on $mux $procmux$1989.
    dead port 2/2 on $mux $procmux$1989.
    dead port 1/2 on $mux $procmux$1987.
    dead port 2/2 on $mux $procmux$1987.
    dead port 1/2 on $mux $procmux$7349.
    dead port 2/2 on $mux $procmux$7349.
    dead port 1/2 on $mux $procmux$1985.
    dead port 2/2 on $mux $procmux$1985.
    dead port 1/2 on $mux $procmux$1982.
    dead port 2/2 on $mux $procmux$1982.
    dead port 1/2 on $mux $procmux$1975.
    dead port 2/2 on $mux $procmux$1975.
    dead port 1/5 on $pmux $procmux$8368.
    dead port 2/5 on $pmux $procmux$8368.
    dead port 3/5 on $pmux $procmux$8368.
    dead port 4/5 on $pmux $procmux$8368.
    dead port 5/5 on $pmux $procmux$8368.
    dead port 1/2 on $mux $procmux$1973.
    dead port 2/2 on $mux $procmux$1973.
    dead port 1/2 on $mux $procmux$1970.
    dead port 2/2 on $mux $procmux$1970.
    dead port 1/2 on $mux $procmux$1967.
    dead port 2/2 on $mux $procmux$1967.
    dead port 1/2 on $mux $procmux$1965.
    dead port 2/2 on $mux $procmux$1965.
    dead port 1/2 on $mux $procmux$7347.
    dead port 2/2 on $mux $procmux$7347.
    dead port 1/2 on $mux $procmux$1963.
    dead port 2/2 on $mux $procmux$1963.
    dead port 1/2 on $mux $procmux$1960.
    dead port 2/2 on $mux $procmux$1960.
    dead port 1/2 on $mux $procmux$1953.
    dead port 2/2 on $mux $procmux$1953.
    dead port 1/2 on $mux $procmux$7343.
    dead port 2/2 on $mux $procmux$7343.
    dead port 1/2 on $mux $procmux$1951.
    dead port 2/2 on $mux $procmux$1951.
    dead port 1/2 on $mux $procmux$1948.
    dead port 2/2 on $mux $procmux$1948.
    dead port 1/2 on $mux $procmux$1945.
    dead port 2/2 on $mux $procmux$1945.
    dead port 1/2 on $mux $procmux$1943.
    dead port 2/2 on $mux $procmux$1943.
    dead port 1/2 on $mux $procmux$1941.
    dead port 2/2 on $mux $procmux$1941.
    dead port 1/2 on $mux $procmux$1938.
    dead port 2/2 on $mux $procmux$1938.
    dead port 1/2 on $mux $procmux$1931.
    dead port 2/2 on $mux $procmux$1931.
    dead port 1/2 on $mux $procmux$7341.
    dead port 2/2 on $mux $procmux$7341.
    dead port 1/2 on $mux $procmux$1929.
    dead port 2/2 on $mux $procmux$1929.
    dead port 1/2 on $mux $procmux$1926.
    dead port 2/2 on $mux $procmux$1926.
    dead port 1/2 on $mux $procmux$1923.
    dead port 2/2 on $mux $procmux$1923.
    dead port 1/2 on $mux $procmux$1921.
    dead port 2/2 on $mux $procmux$1921.
    dead port 1/2 on $mux $procmux$7337.
    dead port 2/2 on $mux $procmux$7337.
    dead port 1/2 on $mux $procmux$1919.
    dead port 2/2 on $mux $procmux$1919.
    dead port 1/2 on $mux $procmux$1916.
    dead port 2/2 on $mux $procmux$1916.
    dead port 1/2 on $mux $procmux$1909.
    dead port 2/2 on $mux $procmux$1909.
    dead port 1/2 on $mux $procmux$1907.
    dead port 2/2 on $mux $procmux$1907.
    dead port 1/2 on $mux $procmux$1904.
    dead port 2/2 on $mux $procmux$1904.
    dead port 1/2 on $mux $procmux$1901.
    dead port 2/2 on $mux $procmux$1901.
    dead port 1/2 on $mux $procmux$1899.
    dead port 2/2 on $mux $procmux$1899.
    dead port 1/2 on $mux $procmux$7335.
    dead port 2/2 on $mux $procmux$7335.
    dead port 1/2 on $mux $procmux$1897.
    dead port 2/2 on $mux $procmux$1897.
    dead port 1/2 on $mux $procmux$1894.
    dead port 2/2 on $mux $procmux$1894.
    dead port 1/2 on $mux $procmux$1887.
    dead port 2/2 on $mux $procmux$1887.
    dead port 1/2 on $mux $procmux$7331.
    dead port 2/2 on $mux $procmux$7331.
    dead port 1/2 on $mux $procmux$1885.
    dead port 2/2 on $mux $procmux$1885.
    dead port 1/2 on $mux $procmux$1882.
    dead port 2/2 on $mux $procmux$1882.
    dead port 1/2 on $mux $procmux$1879.
    dead port 2/2 on $mux $procmux$1879.
    dead port 1/2 on $mux $procmux$1877.
    dead port 2/2 on $mux $procmux$1877.
    dead port 1/2 on $mux $procmux$1875.
    dead port 2/2 on $mux $procmux$1875.
    dead port 1/2 on $mux $procmux$1872.
    dead port 2/2 on $mux $procmux$1872.
    dead port 1/2 on $mux $procmux$1865.
    dead port 2/2 on $mux $procmux$1865.
    dead port 1/2 on $mux $procmux$7329.
    dead port 2/2 on $mux $procmux$7329.
    dead port 1/2 on $mux $procmux$1863.
    dead port 2/2 on $mux $procmux$1863.
    dead port 1/2 on $mux $procmux$1860.
    dead port 2/2 on $mux $procmux$1860.
    dead port 1/2 on $mux $procmux$1857.
    dead port 2/2 on $mux $procmux$1857.
    dead port 1/2 on $mux $procmux$1855.
    dead port 2/2 on $mux $procmux$1855.
    dead port 1/2 on $mux $procmux$7325.
    dead port 2/2 on $mux $procmux$7325.
    dead port 1/2 on $mux $procmux$1853.
    dead port 2/2 on $mux $procmux$1853.
    dead port 1/2 on $mux $procmux$1850.
    dead port 2/2 on $mux $procmux$1850.
    dead port 1/2 on $mux $procmux$1843.
    dead port 2/2 on $mux $procmux$1843.
    dead port 1/2 on $mux $procmux$1841.
    dead port 2/2 on $mux $procmux$1841.
    dead port 1/2 on $mux $procmux$1838.
    dead port 2/2 on $mux $procmux$1838.
    dead port 1/2 on $mux $procmux$1835.
    dead port 2/2 on $mux $procmux$1835.
    dead port 1/2 on $mux $procmux$1833.
    dead port 2/2 on $mux $procmux$1833.
    dead port 1/2 on $mux $procmux$7323.
    dead port 2/2 on $mux $procmux$7323.
    dead port 1/2 on $mux $procmux$1831.
    dead port 2/2 on $mux $procmux$1831.
    dead port 1/2 on $mux $procmux$1828.
    dead port 2/2 on $mux $procmux$1828.
    dead port 1/2 on $mux $procmux$7319.
    dead port 2/2 on $mux $procmux$7319.
    dead port 1/5 on $pmux $procmux$8363.
    dead port 2/5 on $pmux $procmux$8363.
    dead port 3/5 on $pmux $procmux$8363.
    dead port 4/5 on $pmux $procmux$8363.
    dead port 5/5 on $pmux $procmux$8363.
    dead port 1/2 on $mux $procmux$7317.
    dead port 2/2 on $mux $procmux$7317.
    dead port 1/2 on $mux $procmux$7313.
    dead port 2/2 on $mux $procmux$7313.
    dead port 1/2 on $mux $procmux$7311.
    dead port 2/2 on $mux $procmux$7311.
    dead port 1/2 on $mux $procmux$7307.
    dead port 2/2 on $mux $procmux$7307.
    dead port 2/2 on $mux $procmux$1721.
    dead port 1/2 on $mux $procmux$7305.
    dead port 2/2 on $mux $procmux$7305.
    dead port 1/2 on $mux $procmux$1719.
    dead port 1/2 on $mux $procmux$1716.
    dead port 2/2 on $mux $procmux$1713.
    dead port 2/2 on $mux $procmux$1711.
    dead port 1/2 on $mux $procmux$7301.
    dead port 2/2 on $mux $procmux$7301.
    dead port 2/2 on $mux $procmux$1703.
    dead port 1/2 on $mux $procmux$1701.
    dead port 1/2 on $mux $procmux$1698.
    dead port 2/2 on $mux $procmux$1695.
    dead port 2/2 on $mux $procmux$1693.
    dead port 1/2 on $mux $procmux$7299.
    dead port 2/2 on $mux $procmux$7299.
    dead port 2/2 on $mux $procmux$1685.
    dead port 1/2 on $mux $procmux$7295.
    dead port 2/2 on $mux $procmux$7295.
    dead port 1/2 on $mux $procmux$1683.
    dead port 1/2 on $mux $procmux$1680.
    dead port 2/2 on $mux $procmux$1677.
    dead port 2/2 on $mux $procmux$1675.
    dead port 2/2 on $mux $procmux$1667.
    dead port 1/2 on $mux $procmux$7293.
    dead port 2/2 on $mux $procmux$7293.
    dead port 1/2 on $mux $procmux$1665.
    dead port 1/2 on $mux $procmux$1662.
    dead port 2/2 on $mux $procmux$1659.
    dead port 2/2 on $mux $procmux$1657.
    dead port 1/2 on $mux $procmux$7289.
    dead port 2/2 on $mux $procmux$7289.
    dead port 2/2 on $mux $procmux$1649.
    dead port 1/5 on $pmux $procmux$8358.
    dead port 2/5 on $pmux $procmux$8358.
    dead port 3/5 on $pmux $procmux$8358.
    dead port 4/5 on $pmux $procmux$8358.
    dead port 5/5 on $pmux $procmux$8358.
    dead port 1/2 on $mux $procmux$1647.
    dead port 1/2 on $mux $procmux$1644.
    dead port 2/2 on $mux $procmux$1641.
    dead port 2/2 on $mux $procmux$1639.
    dead port 1/2 on $mux $procmux$7287.
    dead port 2/2 on $mux $procmux$7287.
    dead port 2/2 on $mux $procmux$1631.
    dead port 1/2 on $mux $procmux$7283.
    dead port 2/2 on $mux $procmux$7283.
    dead port 1/2 on $mux $procmux$1629.
    dead port 1/2 on $mux $procmux$1626.
    dead port 2/2 on $mux $procmux$1623.
    dead port 2/2 on $mux $procmux$1621.
    dead port 2/2 on $mux $procmux$1613.
    dead port 1/2 on $mux $procmux$7281.
    dead port 2/2 on $mux $procmux$7281.
    dead port 1/2 on $mux $procmux$1611.
    dead port 1/2 on $mux $procmux$1608.
    dead port 2/2 on $mux $procmux$1605.
    dead port 2/2 on $mux $procmux$1603.
    dead port 1/2 on $mux $procmux$7277.
    dead port 2/2 on $mux $procmux$7277.
    dead port 2/2 on $mux $procmux$1595.
    dead port 1/2 on $mux $procmux$1593.
    dead port 1/2 on $mux $procmux$1590.
    dead port 2/2 on $mux $procmux$1587.
    dead port 2/2 on $mux $procmux$1585.
    dead port 1/2 on $mux $procmux$7275.
    dead port 2/2 on $mux $procmux$7275.
    dead port 2/2 on $mux $procmux$1577.
    dead port 1/2 on $mux $procmux$7271.
    dead port 2/2 on $mux $procmux$7271.
    dead port 1/2 on $mux $procmux$1575.
    dead port 1/2 on $mux $procmux$1572.
    dead port 2/2 on $mux $procmux$1569.
    dead port 2/2 on $mux $procmux$1567.
    dead port 1/2 on $mux $procmux$1559.
    dead port 2/2 on $mux $procmux$1559.
    dead port 1/2 on $mux $procmux$7269.
    dead port 2/2 on $mux $procmux$7269.
    dead port 1/2 on $mux $procmux$1557.
    dead port 2/2 on $mux $procmux$1557.
    dead port 1/2 on $mux $procmux$1554.
    dead port 2/2 on $mux $procmux$1554.
    dead port 1/2 on $mux $procmux$1551.
    dead port 2/2 on $mux $procmux$1551.
    dead port 1/2 on $mux $procmux$1549.
    dead port 2/2 on $mux $procmux$1549.
    dead port 1/2 on $mux $procmux$7265.
    dead port 2/2 on $mux $procmux$7265.
    dead port 1/2 on $mux $procmux$1547.
    dead port 2/2 on $mux $procmux$1547.
    dead port 1/2 on $mux $procmux$1541.
    dead port 2/2 on $mux $procmux$1541.
    dead port 1/2 on $mux $procmux$1539.
    dead port 2/2 on $mux $procmux$1539.
    dead port 1/2 on $mux $procmux$1536.
    dead port 2/2 on $mux $procmux$1536.
    dead port 1/2 on $mux $procmux$1533.
    dead port 2/2 on $mux $procmux$1533.
    dead port 1/2 on $mux $procmux$1531.
    dead port 2/2 on $mux $procmux$1531.
    dead port 1/2 on $mux $procmux$7263.
    dead port 2/2 on $mux $procmux$7263.
    dead port 1/2 on $mux $procmux$1529.
    dead port 2/2 on $mux $procmux$1529.
    dead port 1/2 on $mux $procmux$1523.
    dead port 2/2 on $mux $procmux$1523.
    dead port 1/2 on $mux $procmux$7259.
    dead port 2/2 on $mux $procmux$7259.
    dead port 1/2 on $mux $procmux$1521.
    dead port 2/2 on $mux $procmux$1521.
    dead port 1/2 on $mux $procmux$1518.
    dead port 2/2 on $mux $procmux$1518.
    dead port 1/2 on $mux $procmux$1515.
    dead port 2/2 on $mux $procmux$1515.
    dead port 1/2 on $mux $procmux$1513.
    dead port 2/2 on $mux $procmux$1513.
    dead port 1/5 on $pmux $procmux$8353.
    dead port 2/5 on $pmux $procmux$8353.
    dead port 3/5 on $pmux $procmux$8353.
    dead port 4/5 on $pmux $procmux$8353.
    dead port 5/5 on $pmux $procmux$8353.
    dead port 1/2 on $mux $procmux$1511.
    dead port 2/2 on $mux $procmux$1511.
    dead port 1/2 on $mux $procmux$1505.
    dead port 2/2 on $mux $procmux$1505.
    dead port 1/2 on $mux $procmux$7257.
    dead port 2/2 on $mux $procmux$7257.
    dead port 1/2 on $mux $procmux$1503.
    dead port 2/2 on $mux $procmux$1503.
    dead port 1/2 on $mux $procmux$1500.
    dead port 2/2 on $mux $procmux$1500.
    dead port 1/2 on $mux $procmux$1497.
    dead port 2/2 on $mux $procmux$1497.
    dead port 1/2 on $mux $procmux$1495.
    dead port 2/2 on $mux $procmux$1495.
    dead port 1/2 on $mux $procmux$7253.
    dead port 2/2 on $mux $procmux$7253.
    dead port 1/2 on $mux $procmux$1493.
    dead port 2/2 on $mux $procmux$1493.
    dead port 1/2 on $mux $procmux$1487.
    dead port 2/2 on $mux $procmux$1487.
    dead port 1/2 on $mux $procmux$1485.
    dead port 2/2 on $mux $procmux$1485.
    dead port 1/2 on $mux $procmux$1482.
    dead port 2/2 on $mux $procmux$1482.
    dead port 1/2 on $mux $procmux$1479.
    dead port 2/2 on $mux $procmux$1479.
    dead port 1/2 on $mux $procmux$1477.
    dead port 2/2 on $mux $procmux$1477.
    dead port 1/2 on $mux $procmux$7251.
    dead port 2/2 on $mux $procmux$7251.
    dead port 1/2 on $mux $procmux$1475.
    dead port 2/2 on $mux $procmux$1475.
    dead port 1/2 on $mux $procmux$1469.
    dead port 2/2 on $mux $procmux$1469.
    dead port 1/2 on $mux $procmux$7247.
    dead port 2/2 on $mux $procmux$7247.
    dead port 1/2 on $mux $procmux$1467.
    dead port 2/2 on $mux $procmux$1467.
    dead port 1/2 on $mux $procmux$1464.
    dead port 2/2 on $mux $procmux$1464.
    dead port 1/2 on $mux $procmux$1461.
    dead port 2/2 on $mux $procmux$1461.
    dead port 1/2 on $mux $procmux$1459.
    dead port 2/2 on $mux $procmux$1459.
    dead port 1/2 on $mux $procmux$1457.
    dead port 2/2 on $mux $procmux$1457.
    dead port 1/2 on $mux $procmux$1451.
    dead port 2/2 on $mux $procmux$1451.
    dead port 1/2 on $mux $procmux$7245.
    dead port 2/2 on $mux $procmux$7245.
    dead port 1/2 on $mux $procmux$1449.
    dead port 2/2 on $mux $procmux$1449.
    dead port 1/2 on $mux $procmux$1446.
    dead port 2/2 on $mux $procmux$1446.
    dead port 1/2 on $mux $procmux$1443.
    dead port 2/2 on $mux $procmux$1443.
    dead port 1/2 on $mux $procmux$1441.
    dead port 2/2 on $mux $procmux$1441.
    dead port 1/2 on $mux $procmux$7241.
    dead port 2/2 on $mux $procmux$7241.
    dead port 1/2 on $mux $procmux$1439.
    dead port 2/2 on $mux $procmux$1439.
    dead port 1/2 on $mux $procmux$1433.
    dead port 2/2 on $mux $procmux$1433.
    dead port 1/2 on $mux $procmux$1431.
    dead port 2/2 on $mux $procmux$1431.
    dead port 1/2 on $mux $procmux$1428.
    dead port 2/2 on $mux $procmux$1428.
    dead port 1/2 on $mux $procmux$1425.
    dead port 2/2 on $mux $procmux$1425.
    dead port 1/2 on $mux $procmux$1423.
    dead port 2/2 on $mux $procmux$1423.
    dead port 1/2 on $mux $procmux$7239.
    dead port 2/2 on $mux $procmux$7239.
    dead port 1/2 on $mux $procmux$1421.
    dead port 2/2 on $mux $procmux$1421.
    dead port 1/2 on $mux $procmux$1415.
    dead port 2/2 on $mux $procmux$1415.
    dead port 1/2 on $mux $procmux$7235.
    dead port 2/2 on $mux $procmux$7235.
    dead port 1/2 on $mux $procmux$1413.
    dead port 2/2 on $mux $procmux$1413.
    dead port 1/2 on $mux $procmux$1410.
    dead port 2/2 on $mux $procmux$1410.
    dead port 1/2 on $mux $procmux$1407.
    dead port 2/2 on $mux $procmux$1407.
    dead port 1/2 on $mux $procmux$1405.
    dead port 2/2 on $mux $procmux$1405.
    dead port 1/2 on $mux $procmux$1403.
    dead port 2/2 on $mux $procmux$1403.
    dead port 1/2 on $mux $procmux$1397.
    dead port 2/2 on $mux $procmux$1397.
    dead port 1/2 on $mux $procmux$7233.
    dead port 2/2 on $mux $procmux$7233.
    dead port 1/2 on $mux $procmux$1395.
    dead port 2/2 on $mux $procmux$1395.
    dead port 1/2 on $mux $procmux$1392.
    dead port 2/2 on $mux $procmux$1392.
    dead port 1/2 on $mux $procmux$1389.
    dead port 2/2 on $mux $procmux$1389.
    dead port 1/2 on $mux $procmux$1387.
    dead port 2/2 on $mux $procmux$1387.
    dead port 1/2 on $mux $procmux$7229.
    dead port 2/2 on $mux $procmux$7229.
    dead port 1/2 on $mux $procmux$1385.
    dead port 2/2 on $mux $procmux$1385.
    dead port 1/2 on $mux $procmux$1379.
    dead port 2/2 on $mux $procmux$1379.
    dead port 1/5 on $pmux $procmux$8348.
    dead port 2/5 on $pmux $procmux$8348.
    dead port 3/5 on $pmux $procmux$8348.
    dead port 4/5 on $pmux $procmux$8348.
    dead port 5/5 on $pmux $procmux$8348.
    dead port 1/2 on $mux $procmux$1377.
    dead port 2/2 on $mux $procmux$1377.
    dead port 1/2 on $mux $procmux$1374.
    dead port 2/2 on $mux $procmux$1374.
    dead port 1/2 on $mux $procmux$1371.
    dead port 2/2 on $mux $procmux$1371.
    dead port 1/2 on $mux $procmux$1369.
    dead port 2/2 on $mux $procmux$1369.
    dead port 1/2 on $mux $procmux$7227.
    dead port 2/2 on $mux $procmux$7227.
    dead port 1/2 on $mux $procmux$1367.
    dead port 2/2 on $mux $procmux$1367.
    dead port 1/2 on $mux $procmux$1361.
    dead port 2/2 on $mux $procmux$1361.
    dead port 1/2 on $mux $procmux$7223.
    dead port 2/2 on $mux $procmux$7223.
    dead port 1/2 on $mux $procmux$1359.
    dead port 2/2 on $mux $procmux$1359.
    dead port 1/2 on $mux $procmux$1356.
    dead port 2/2 on $mux $procmux$1356.
    dead port 1/2 on $mux $procmux$1353.
    dead port 2/2 on $mux $procmux$1353.
    dead port 1/2 on $mux $procmux$1351.
    dead port 2/2 on $mux $procmux$1351.
    dead port 1/2 on $mux $procmux$1349.
    dead port 2/2 on $mux $procmux$1349.
    dead port 2/2 on $mux $procmux$1343.
    dead port 1/2 on $mux $procmux$7221.
    dead port 2/2 on $mux $procmux$7221.
    dead port 1/2 on $mux $procmux$1341.
    dead port 1/2 on $mux $procmux$1338.
    dead port 2/2 on $mux $procmux$1335.
    dead port 2/2 on $mux $procmux$1333.
    dead port 1/2 on $mux $procmux$7217.
    dead port 2/2 on $mux $procmux$7217.
    dead port 1/2 on $mux $procmux$1331.
    dead port 2/2 on $mux $procmux$1322.
    dead port 1/2 on $mux $procmux$1320.
    dead port 1/2 on $mux $procmux$1317.
    dead port 2/2 on $mux $procmux$1314.
    dead port 2/2 on $mux $procmux$1312.
    dead port 1/2 on $mux $procmux$7215.
    dead port 2/2 on $mux $procmux$7215.
    dead port 1/2 on $mux $procmux$1310.
    dead port 2/2 on $mux $procmux$1301.
    dead port 1/2 on $mux $procmux$7211.
    dead port 2/2 on $mux $procmux$7211.
    dead port 1/2 on $mux $procmux$1299.
    dead port 1/2 on $mux $procmux$1296.
    dead port 2/2 on $mux $procmux$1293.
    dead port 2/2 on $mux $procmux$1291.
    dead port 1/2 on $mux $procmux$1289.
    dead port 2/2 on $mux $procmux$1280.
    dead port 1/2 on $mux $procmux$7209.
    dead port 2/2 on $mux $procmux$7209.
    dead port 1/2 on $mux $procmux$1278.
    dead port 1/2 on $mux $procmux$1275.
    dead port 2/2 on $mux $procmux$1272.
    dead port 2/2 on $mux $procmux$1270.
    dead port 1/2 on $mux $procmux$7205.
    dead port 2/2 on $mux $procmux$7205.
    dead port 1/2 on $mux $procmux$1268.
    dead port 2/2 on $mux $procmux$1259.
    dead port 1/2 on $mux $procmux$1257.
    dead port 1/2 on $mux $procmux$1254.
    dead port 2/2 on $mux $procmux$1251.
    dead port 2/2 on $mux $procmux$1249.
    dead port 1/2 on $mux $procmux$7203.
    dead port 2/2 on $mux $procmux$7203.
    dead port 1/2 on $mux $procmux$1247.
    dead port 2/2 on $mux $procmux$1238.
    dead port 1/2 on $mux $procmux$7199.
    dead port 2/2 on $mux $procmux$7199.
    dead port 1/2 on $mux $procmux$1236.
    dead port 1/2 on $mux $procmux$1233.
    dead port 2/2 on $mux $procmux$1230.
    dead port 2/2 on $mux $procmux$1228.
    dead port 1/5 on $pmux $procmux$8343.
    dead port 2/5 on $pmux $procmux$8343.
    dead port 3/5 on $pmux $procmux$8343.
    dead port 4/5 on $pmux $procmux$8343.
    dead port 5/5 on $pmux $procmux$8343.
    dead port 1/2 on $mux $procmux$1226.
    dead port 2/2 on $mux $procmux$1217.
    dead port 1/2 on $mux $procmux$7197.
    dead port 2/2 on $mux $procmux$7197.
    dead port 1/2 on $mux $procmux$1215.
    dead port 1/2 on $mux $procmux$1212.
    dead port 2/2 on $mux $procmux$1209.
    dead port 2/2 on $mux $procmux$1207.
    dead port 1/2 on $mux $procmux$7193.
    dead port 2/2 on $mux $procmux$7193.
    dead port 1/2 on $mux $procmux$1205.
    dead port 2/2 on $mux $procmux$1196.
    dead port 1/2 on $mux $procmux$1194.
    dead port 1/2 on $mux $procmux$1191.
    dead port 2/2 on $mux $procmux$1188.
    dead port 2/2 on $mux $procmux$1186.
    dead port 1/2 on $mux $procmux$7191.
    dead port 2/2 on $mux $procmux$7191.
    dead port 1/2 on $mux $procmux$1184.
    dead port 2/2 on $mux $procmux$1175.
    dead port 1/2 on $mux $procmux$7187.
    dead port 2/2 on $mux $procmux$7187.
    dead port 1/2 on $mux $procmux$1173.
    dead port 1/2 on $mux $procmux$1170.
    dead port 2/2 on $mux $procmux$1167.
    dead port 2/2 on $mux $procmux$1165.
    dead port 1/2 on $mux $procmux$1163.
    dead port 1/2 on $mux $procmux$1154.
    dead port 2/2 on $mux $procmux$1154.
    dead port 1/2 on $mux $procmux$7185.
    dead port 2/2 on $mux $procmux$7185.
    dead port 1/2 on $mux $procmux$1152.
    dead port 2/2 on $mux $procmux$1152.
    dead port 1/2 on $mux $procmux$1149.
    dead port 2/2 on $mux $procmux$1149.
    dead port 1/2 on $mux $procmux$1146.
    dead port 2/2 on $mux $procmux$1146.
    dead port 1/2 on $mux $procmux$1144.
    dead port 2/2 on $mux $procmux$1144.
    dead port 1/2 on $mux $procmux$7181.
    dead port 2/2 on $mux $procmux$7181.
    dead port 1/2 on $mux $procmux$1142.
    dead port 2/2 on $mux $procmux$1142.
    dead port 1/2 on $mux $procmux$1139.
    dead port 2/2 on $mux $procmux$1139.
    dead port 1/2 on $mux $procmux$1133.
    dead port 2/2 on $mux $procmux$1133.
    dead port 1/2 on $mux $procmux$1131.
    dead port 2/2 on $mux $procmux$1131.
    dead port 1/2 on $mux $procmux$1128.
    dead port 2/2 on $mux $procmux$1128.
    dead port 1/2 on $mux $procmux$1125.
    dead port 2/2 on $mux $procmux$1125.
    dead port 1/2 on $mux $procmux$1123.
    dead port 2/2 on $mux $procmux$1123.
    dead port 1/2 on $mux $procmux$7179.
    dead port 2/2 on $mux $procmux$7179.
    dead port 1/2 on $mux $procmux$1121.
    dead port 2/2 on $mux $procmux$1121.
    dead port 1/2 on $mux $procmux$1118.
    dead port 2/2 on $mux $procmux$1118.
    dead port 1/2 on $mux $procmux$1112.
    dead port 2/2 on $mux $procmux$1112.
    dead port 1/2 on $mux $procmux$7175.
    dead port 2/2 on $mux $procmux$7175.
    dead port 1/2 on $mux $procmux$1110.
    dead port 2/2 on $mux $procmux$1110.
    dead port 1/2 on $mux $procmux$1107.
    dead port 2/2 on $mux $procmux$1107.
    dead port 1/2 on $mux $procmux$1104.
    dead port 2/2 on $mux $procmux$1104.
    dead port 1/2 on $mux $procmux$1102.
    dead port 2/2 on $mux $procmux$1102.
    dead port 1/2 on $mux $procmux$1100.
    dead port 2/2 on $mux $procmux$1100.
    dead port 1/2 on $mux $procmux$1097.
    dead port 2/2 on $mux $procmux$1097.
    dead port 1/2 on $mux $procmux$1091.
    dead port 2/2 on $mux $procmux$1091.
    dead port 1/2 on $mux $procmux$7173.
    dead port 2/2 on $mux $procmux$7173.
    dead port 1/2 on $mux $procmux$1089.
    dead port 2/2 on $mux $procmux$1089.
    dead port 1/2 on $mux $procmux$1086.
    dead port 2/2 on $mux $procmux$1086.
    dead port 1/2 on $mux $procmux$1083.
    dead port 2/2 on $mux $procmux$1083.
    dead port 1/2 on $mux $procmux$1081.
    dead port 2/2 on $mux $procmux$1081.
    dead port 1/2 on $mux $procmux$7169.
    dead port 2/2 on $mux $procmux$7169.
    dead port 1/2 on $mux $procmux$1079.
    dead port 2/2 on $mux $procmux$1079.
    dead port 1/2 on $mux $procmux$1076.
    dead port 2/2 on $mux $procmux$1076.
    dead port 1/2 on $mux $procmux$1070.
    dead port 2/2 on $mux $procmux$1070.
    dead port 1/5 on $pmux $procmux$8338.
    dead port 2/5 on $pmux $procmux$8338.
    dead port 3/5 on $pmux $procmux$8338.
    dead port 4/5 on $pmux $procmux$8338.
    dead port 5/5 on $pmux $procmux$8338.
    dead port 1/2 on $mux $procmux$1068.
    dead port 2/2 on $mux $procmux$1068.
    dead port 1/2 on $mux $procmux$1065.
    dead port 2/2 on $mux $procmux$1065.
    dead port 1/2 on $mux $procmux$1062.
    dead port 2/2 on $mux $procmux$1062.
    dead port 1/2 on $mux $procmux$1060.
    dead port 2/2 on $mux $procmux$1060.
    dead port 1/2 on $mux $procmux$7167.
    dead port 2/2 on $mux $procmux$7167.
    dead port 1/2 on $mux $procmux$1058.
    dead port 2/2 on $mux $procmux$1058.
    dead port 1/2 on $mux $procmux$1055.
    dead port 2/2 on $mux $procmux$1055.
    dead port 1/2 on $mux $procmux$1049.
    dead port 2/2 on $mux $procmux$1049.
    dead port 1/2 on $mux $procmux$7163.
    dead port 2/2 on $mux $procmux$7163.
    dead port 1/2 on $mux $procmux$1047.
    dead port 2/2 on $mux $procmux$1047.
    dead port 1/2 on $mux $procmux$1044.
    dead port 2/2 on $mux $procmux$1044.
    dead port 1/2 on $mux $procmux$1041.
    dead port 2/2 on $mux $procmux$1041.
    dead port 1/2 on $mux $procmux$1039.
    dead port 2/2 on $mux $procmux$1039.
    dead port 1/2 on $mux $procmux$1037.
    dead port 2/2 on $mux $procmux$1037.
    dead port 1/2 on $mux $procmux$1034.
    dead port 2/2 on $mux $procmux$1034.
    dead port 1/2 on $mux $procmux$1028.
    dead port 2/2 on $mux $procmux$1028.
    dead port 1/2 on $mux $procmux$7161.
    dead port 2/2 on $mux $procmux$7161.
    dead port 1/2 on $mux $procmux$1026.
    dead port 2/2 on $mux $procmux$1026.
    dead port 1/2 on $mux $procmux$1023.
    dead port 2/2 on $mux $procmux$1023.
    dead port 1/2 on $mux $procmux$1020.
    dead port 2/2 on $mux $procmux$1020.
    dead port 1/2 on $mux $procmux$1018.
    dead port 2/2 on $mux $procmux$1018.
    dead port 1/2 on $mux $procmux$7157.
    dead port 2/2 on $mux $procmux$7157.
    dead port 1/2 on $mux $procmux$1016.
    dead port 2/2 on $mux $procmux$1016.
    dead port 1/2 on $mux $procmux$1013.
    dead port 2/2 on $mux $procmux$1013.
    dead port 1/2 on $mux $procmux$1007.
    dead port 2/2 on $mux $procmux$1007.
    dead port 1/2 on $mux $procmux$1005.
    dead port 2/2 on $mux $procmux$1005.
    dead port 1/2 on $mux $procmux$1002.
    dead port 2/2 on $mux $procmux$1002.
    dead port 1/2 on $mux $procmux$999.
    dead port 2/2 on $mux $procmux$999.
    dead port 1/2 on $mux $procmux$997.
    dead port 2/2 on $mux $procmux$997.
    dead port 1/2 on $mux $procmux$7155.
    dead port 2/2 on $mux $procmux$7155.
    dead port 1/2 on $mux $procmux$995.
    dead port 2/2 on $mux $procmux$995.
    dead port 1/2 on $mux $procmux$992.
    dead port 2/2 on $mux $procmux$992.
    dead port 1/2 on $mux $procmux$986.
    dead port 2/2 on $mux $procmux$986.
    dead port 1/2 on $mux $procmux$7151.
    dead port 2/2 on $mux $procmux$7151.
    dead port 1/2 on $mux $procmux$984.
    dead port 2/2 on $mux $procmux$984.
    dead port 1/2 on $mux $procmux$981.
    dead port 2/2 on $mux $procmux$981.
    dead port 1/2 on $mux $procmux$978.
    dead port 2/2 on $mux $procmux$978.
    dead port 1/2 on $mux $procmux$976.
    dead port 2/2 on $mux $procmux$976.
    dead port 1/2 on $mux $procmux$974.
    dead port 2/2 on $mux $procmux$974.
    dead port 1/2 on $mux $procmux$971.
    dead port 2/2 on $mux $procmux$971.
    dead port 1/2 on $mux $procmux$965.
    dead port 2/2 on $mux $procmux$965.
    dead port 1/2 on $mux $procmux$7149.
    dead port 2/2 on $mux $procmux$7149.
    dead port 1/2 on $mux $procmux$963.
    dead port 2/2 on $mux $procmux$963.
    dead port 1/2 on $mux $procmux$960.
    dead port 2/2 on $mux $procmux$960.
    dead port 1/2 on $mux $procmux$957.
    dead port 2/2 on $mux $procmux$957.
    dead port 1/2 on $mux $procmux$955.
    dead port 2/2 on $mux $procmux$955.
    dead port 1/2 on $mux $procmux$7145.
    dead port 2/2 on $mux $procmux$7145.
    dead port 1/2 on $mux $procmux$953.
    dead port 2/2 on $mux $procmux$953.
    dead port 1/2 on $mux $procmux$950.
    dead port 2/2 on $mux $procmux$950.
    dead port 1/2 on $mux $procmux$944.
    dead port 2/2 on $mux $procmux$944.
    dead port 1/2 on $mux $procmux$942.
    dead port 2/2 on $mux $procmux$942.
    dead port 1/2 on $mux $procmux$939.
    dead port 2/2 on $mux $procmux$939.
    dead port 1/2 on $mux $procmux$936.
    dead port 2/2 on $mux $procmux$936.
    dead port 1/2 on $mux $procmux$934.
    dead port 2/2 on $mux $procmux$934.
    dead port 1/2 on $mux $procmux$7143.
    dead port 2/2 on $mux $procmux$7143.
    dead port 1/2 on $mux $procmux$932.
    dead port 2/2 on $mux $procmux$932.
    dead port 1/2 on $mux $procmux$929.
    dead port 2/2 on $mux $procmux$929.
    dead port 1/2 on $mux $procmux$923.
    dead port 2/2 on $mux $procmux$923.
    dead port 1/2 on $mux $procmux$7139.
    dead port 2/2 on $mux $procmux$7139.
    dead port 1/2 on $mux $procmux$921.
    dead port 2/2 on $mux $procmux$921.
    dead port 1/2 on $mux $procmux$918.
    dead port 2/2 on $mux $procmux$918.
    dead port 1/2 on $mux $procmux$915.
    dead port 2/2 on $mux $procmux$915.
    dead port 1/2 on $mux $procmux$913.
    dead port 2/2 on $mux $procmux$913.
    dead port 1/5 on $pmux $procmux$8333.
    dead port 2/5 on $pmux $procmux$8333.
    dead port 3/5 on $pmux $procmux$8333.
    dead port 4/5 on $pmux $procmux$8333.
    dead port 5/5 on $pmux $procmux$8333.
    dead port 1/2 on $mux $procmux$911.
    dead port 2/2 on $mux $procmux$911.
    dead port 1/2 on $mux $procmux$908.
    dead port 2/2 on $mux $procmux$908.
    dead port 1/2 on $mux $procmux$7137.
    dead port 2/2 on $mux $procmux$7137.
    dead port 1/2 on $mux $procmux$7133.
    dead port 2/2 on $mux $procmux$7133.
    dead port 1/2 on $mux $procmux$7131.
    dead port 2/2 on $mux $procmux$7131.
    dead port 1/2 on $mux $procmux$7127.
    dead port 2/2 on $mux $procmux$7127.
    dead port 1/2 on $mux $procmux$7125.
    dead port 2/2 on $mux $procmux$7125.
    dead port 1/2 on $mux $procmux$7121.
    dead port 2/2 on $mux $procmux$7121.
    dead port 1/2 on $mux $procmux$7119.
    dead port 2/2 on $mux $procmux$7119.
    dead port 1/2 on $mux $procmux$7115.
    dead port 2/2 on $mux $procmux$7115.
    dead port 1/2 on $mux $procmux$7113.
    dead port 2/2 on $mux $procmux$7113.
    dead port 1/2 on $mux $procmux$7109.
    dead port 2/2 on $mux $procmux$7109.
    dead port 1/5 on $pmux $procmux$8328.
    dead port 2/5 on $pmux $procmux$8328.
    dead port 3/5 on $pmux $procmux$8328.
    dead port 4/5 on $pmux $procmux$8328.
    dead port 5/5 on $pmux $procmux$8328.
    dead port 1/2 on $mux $procmux$7107.
    dead port 2/2 on $mux $procmux$7107.
    dead port 1/2 on $mux $procmux$7103.
    dead port 2/2 on $mux $procmux$7103.
    dead port 1/2 on $mux $procmux$7101.
    dead port 2/2 on $mux $procmux$7101.
    dead port 1/2 on $mux $procmux$7097.
    dead port 2/2 on $mux $procmux$7097.
    dead port 1/2 on $mux $procmux$7095.
    dead port 2/2 on $mux $procmux$7095.
    dead port 1/2 on $mux $procmux$7091.
    dead port 2/2 on $mux $procmux$7091.
    dead port 1/2 on $mux $procmux$7089.
    dead port 2/2 on $mux $procmux$7089.
    dead port 1/2 on $mux $procmux$7085.
    dead port 2/2 on $mux $procmux$7085.
    dead port 1/2 on $mux $procmux$7083.
    dead port 2/2 on $mux $procmux$7083.
    dead port 1/2 on $mux $procmux$7079.
    dead port 2/2 on $mux $procmux$7079.
    dead port 1/5 on $pmux $procmux$8323.
    dead port 2/5 on $pmux $procmux$8323.
    dead port 3/5 on $pmux $procmux$8323.
    dead port 4/5 on $pmux $procmux$8323.
    dead port 5/5 on $pmux $procmux$8323.
    dead port 1/2 on $mux $procmux$7077.
    dead port 2/2 on $mux $procmux$7077.
    dead port 1/2 on $mux $procmux$7073.
    dead port 2/2 on $mux $procmux$7073.
    dead port 2/2 on $mux $procmux$7061.
    dead port 1/2 on $mux $procmux$7071.
    dead port 2/2 on $mux $procmux$7071.
    dead port 1/2 on $mux $procmux$7067.
    dead port 2/2 on $mux $procmux$7067.
    dead port 1/2 on $mux $procmux$7065.
    dead port 2/2 on $mux $procmux$7065.
Removed 3699 multiplexer ports.
<suppressed ~67 debug messages>

4.4. Executing OPT_REDUCE pass (consolidate $*mux and $reduce_* inputs).
  Optimizing cells in module \vending_behavioral.
    New ctrl vector for $pmux cell $procmux$7872: { $procmux$9282_CMP $procmux$9275_CMP $auto$opt_reduce.cc:134:opt_pmux$9426 }
    New ctrl vector for $pmux cell $procmux$8608: { $procmux$9282_CMP $procmux$9275_CMP $auto$opt_reduce.cc:134:opt_pmux$9428 }
    New ctrl vector for $pmux cell $procmux$8593: { $procmux$9282_CMP $procmux$9275_CMP $auto$opt_reduce.cc:134:opt_pmux$9430 }
    New ctrl vector for $pmux cell $procmux$8088: { $procmux$9275_CMP $auto$opt_reduce.cc:134:opt_pmux$9432 }
    New ctrl vector for $pmux cell $procmux$8065: { $procmux$9275_CMP $auto$opt_reduce.cc:134:opt_pmux$9434 }
    New ctrl vector for $pmux cell $procmux$8618: { $procmux$9282_CMP $procmux$9275_CMP $auto$opt_reduce.cc:134:opt_pmux$9436 }
    New ctrl vector for $pmux cell $procmux$7825: { $procmux$9282_CMP $procmux$9275_CMP $auto$opt_reduce.cc:134:opt_pmux$9438 }
    New ctrl vector for $pmux cell $procmux$8588: { $procmux$9282_CMP $procmux$9275_CMP $auto$opt_reduce.cc:134:opt_pmux$9440 }
    New ctrl vector for $pmux cell $procmux$8021: { $procmux$9275_CMP $auto$opt_reduce.cc:134:opt_pmux$9442 }
    New ctrl vector for $pmux cell $procmux$8603: { $procmux$9282_CMP $procmux$9275_CMP $auto$opt_reduce.cc:134:opt_pmux$9444 }
    New ctrl vector for $pmux cell $procmux$7778: { $procmux$9282_CMP $procmux$9275_CMP $auto$opt_reduce.cc:134:opt_pmux$9446 }
    New ctrl vector for $pmux cell $procmux$7773: { $procmux$9283_CMP $auto$opt_reduce.cc:134:opt_pmux$9448 }
    New ctrl vector for $pmux cell $procmux$7966: { $procmux$9282_CMP $procmux$9275_CMP $auto$opt_reduce.cc:134:opt_pmux$9450 }
    New ctrl vector for $pmux cell $procmux$8583: { $procmux$9282_CMP $procmux$9275_CMP $auto$opt_reduce.cc:134:opt_pmux$9452 }
    New ctrl vector for $pmux cell $procmux$8137: { $procmux$9275_CMP $auto$opt_reduce.cc:134:opt_pmux$9454 }
    New ctrl vector for $pmux cell $procmux$8613: { $procmux$9282_CMP $procmux$9275_CMP $auto$opt_reduce.cc:134:opt_pmux$9456 }
    New ctrl vector for $pmux cell $procmux$8598: { $procmux$9282_CMP $procmux$9275_CMP $auto$opt_reduce.cc:134:opt_pmux$9458 }
    New ctrl vector for $pmux cell $procmux$7919: { $procmux$9282_CMP $procmux$9275_CMP $auto$opt_reduce.cc:134:opt_pmux$9460 }
    New ctrl vector for $pmux cell $procmux$8112: { $procmux$9275_CMP $auto$opt_reduce.cc:134:opt_pmux$9462 }
    New ctrl vector for $pmux cell $procmux$8623: { $procmux$9282_CMP $procmux$9275_CMP $auto$opt_reduce.cc:134:opt_pmux$9464 }
  Optimizing cells in module \vending_behavioral.
Performed a total of 20 changes.

4.5. Executing OPT_MERGE pass (detect identical cells).
Finding identical cells in module `\vending_behavioral'.
<suppressed ~105 debug messages>
Removed a total of 35 cells.

4.6. Executing OPT_DFF pass (perform DFF optimizations).
Adding EN signal on $procdff$9304 ($adff) from module vending_behavioral (D = { \coin \selezione }, Q = \price_p3).
Adding EN signal on $procdff$9310 ($adff) from module vending_behavioral (D = $procmux$8668_Y, Q = \current_price).
Adding EN signal on $procdff$9334 ($dff) from module vending_behavioral (D = $procmux$8588_Y, Q = \greedy_next_10).
Adding EN signal on $procdff$9297 ($adff) from module vending_behavioral (D = $procmux$9108_Y, Q = \init_counter).
Adding EN signal on $procdff$9319 ($dff) from module vending_behavioral (D = $procmux$8613_Y, Q = \greedy_out_05).
Adding EN signal on $procdff$9305 ($adff) from module vending_behavioral (D = { \coin \selezione }, Q = \price_p4).
Adding EN signal on $procdff$9328 ($dff) from module vending_behavioral (D = $procmux$8598_Y, Q = \greedy_next_02).
Adding EN signal on $procdff$9298 ($adff) from module vending_behavioral (D = $procmux$9087_Y, Q = \qty_p1).
Adding EN signal on $procdff$9299 ($adff) from module vending_behavioral (D = $procmux$9051_Y, Q = \qty_p2).
Adding EN signal on $procdff$9291 ($adff) from module vending_behavioral (D = $procmux$9219_Y, Q = \disponibile).
Adding EN signal on $procdff$9300 ($adff) from module vending_behavioral (D = $procmux$9018_Y, Q = \qty_p3).
Adding EN signal on $procdff$9306 ($adff) from module vending_behavioral (D = $procmux$8893_Y, Q = \qty_c01).
Adding EN signal on $procdff$9313 ($dff) from module vending_behavioral (D = $procmux$8623_Y, Q = \greedy_out_01).
Adding EN signal on $procdff$9284 ($adff) from module vending_behavioral (D = $procmux$9274_Y, Q = \credito).
Adding EN signal on $procdff$9301 ($adff) from module vending_behavioral (D = $procmux$8988_Y, Q = \qty_p4).
Adding EN signal on $procdff$9331 ($dff) from module vending_behavioral (D = $procmux$8593_Y, Q = \greedy_next_05).
Adding EN signal on $procdff$9340 ($dff) from module vending_behavioral (D = $procmux$7773_Y, Q = \init_value).
Adding EN signal on $procdff$9307 ($adff) from module vending_behavioral (D = $procmux$8830_Y, Q = \qty_c02).
Adding EN signal on $procdff$9302 ($adff) from module vending_behavioral (D = { \coin \selezione }, Q = \price_p1).
Adding EN signal on $procdff$9308 ($adff) from module vending_behavioral (D = $procmux$8770_Y, Q = \qty_c05).
Adding EN signal on $procdff$9322 ($dff) from module vending_behavioral (D = $procmux$8608_Y, Q = \greedy_out_10).
Adding EN signal on $procdff$9337 ($dff) from module vending_behavioral (D = $procmux$8583_Y, Q = \greedy_returned).
Adding EN signal on $procdff$9303 ($adff) from module vending_behavioral (D = { \coin \selezione }, Q = \price_p2).
Adding EN signal on $procdff$9309 ($adff) from module vending_behavioral (D = $procmux$8713_Y, Q = \qty_c10).
Adding EN signal on $procdff$9296 ($adff) from module vending_behavioral (D = $procmux$9112_Y, Q = \stato).
Adding EN signal on $procdff$9316 ($dff) from module vending_behavioral (D = $procmux$8618_Y, Q = \greedy_out_02).
Adding EN signal on $procdff$9325 ($dff) from module vending_behavioral (D = $procmux$8603_Y, Q = \greedy_next_01).
Setting constant 1-bit at position 0 on $procdff$9376 ($adff) from module vending_behavioral.
Setting constant 1-bit at position 1 on $procdff$9376 ($adff) from module vending_behavioral.
Setting constant 1-bit at position 2 on $procdff$9376 ($adff) from module vending_behavioral.
Setting constant 1-bit at position 0 on $procdff$9408 ($adff) from module vending_behavioral.
Setting constant 1-bit at position 1 on $procdff$9408 ($adff) from module vending_behavioral.
Setting constant 1-bit at position 2 on $procdff$9408 ($adff) from module vending_behavioral.
Setting constant 1-bit at position 3 on $procdff$9408 ($adff) from module vending_behavioral.
Setting constant 1-bit at position 4 on $procdff$9408 ($adff) from module vending_behavioral.
Setting constant 1-bit at position 5 on $procdff$9408 ($adff) from module vending_behavioral.

4.7. Executing OPT_CLEAN pass (remove unused cells and wires).
Finding unused cells or wires in module \vending_behavioral..
Removed 314 unused cells and 6101 unused wires.
<suppressed ~326 debug messages>

4.8. Executing OPT_EXPR pass (perform const folding).
Optimizing module vending_behavioral.
<suppressed ~12 debug messages>

4.9. Rerunning OPT passes. (Maybe there is more to do..)

4.10. Executing OPT_MUXTREE pass (detect dead branches in mux trees).
Running muxtree optimizer on module \vending_behavioral..
  Creating internal representation of mux trees.
  Evaluating internal representation of mux trees.
  Analyzing evaluation results.
Removed 0 multiplexer ports.
<suppressed ~57 debug messages>

4.11. Executing OPT_REDUCE pass (consolidate $*mux and $reduce_* inputs).
  Optimizing cells in module \vending_behavioral.
Performed a total of 0 changes.

4.12. Executing OPT_MERGE pass (detect identical cells).
Finding identical cells in module `\vending_behavioral'.
<suppressed ~255 debug messages>
Removed a total of 85 cells.

4.13. Executing OPT_DFF pass (perform DFF optimizations).

4.14. Executing OPT_CLEAN pass (remove unused cells and wires).
Finding unused cells or wires in module \vending_behavioral..
Removed 0 unused cells and 85 unused wires.
<suppressed ~1 debug messages>

4.15. Executing OPT_EXPR pass (perform const folding).
Optimizing module vending_behavioral.

4.16. Rerunning OPT passes. (Maybe there is more to do..)

4.17. Executing OPT_MUXTREE pass (detect dead branches in mux trees).
Running muxtree optimizer on module \vending_behavioral..
  Creating internal representation of mux trees.
  Evaluating internal representation of mux trees.
  Analyzing evaluation results.
Removed 0 multiplexer ports.
<suppressed ~57 debug messages>

4.18. Executing OPT_REDUCE pass (consolidate $*mux and $reduce_* inputs).
  Optimizing cells in module \vending_behavioral.
Performed a total of 0 changes.

4.19. Executing OPT_MERGE pass (detect identical cells).
Finding identical cells in module `\vending_behavioral'.
Removed a total of 0 cells.

4.20. Executing OPT_DFF pass (perform DFF optimizations).

4.21. Executing OPT_CLEAN pass (remove unused cells and wires).
Finding unused cells or wires in module \vending_behavioral..

4.22. Executing OPT_EXPR pass (perform const folding).
Optimizing module vending_behavioral.

4.23. Finished OPT passes. (There is nothing left to do.)

5. Executing FSM pass (extract and optimize FSM).

5.1. Executing FSM_DETECT pass (finding FSMs in design).
Not marking vending_behavioral.errore as FSM state register:
    Register is connected to module port.
    Users of register don't seem to benefit from recoding.

5.2. Executing FSM_EXTRACT pass (extracting FSM from design).

5.3. Executing FSM_OPT pass (simple optimizations of FSMs).

5.4. Executing OPT_CLEAN pass (remove unused cells and wires).
Finding unused cells or wires in module \vending_behavioral..

5.5. Executing FSM_OPT pass (simple optimizations of FSMs).

5.6. Executing FSM_RECODE pass (re-assigning FSM state encoding).

5.7. Executing FSM_INFO pass (dumping all available information on FSM cells).

5.8. Executing FSM_MAP pass (mapping FSMs to basic logic).

6. Executing OPT pass (performing simple optimizations).

6.1. Executing OPT_EXPR pass (perform const folding).
Optimizing module vending_behavioral.

6.2. Executing OPT_MERGE pass (detect identical cells).
Finding identical cells in module `\vending_behavioral'.
Removed a total of 0 cells.

6.3. Executing OPT_MUXTREE pass (detect dead branches in mux trees).
Running muxtree optimizer on module \vending_behavioral..
  Creating internal representation of mux trees.
  Evaluating internal representation of mux trees.
  Analyzing evaluation results.
Removed 0 multiplexer ports.
<suppressed ~57 debug messages>

6.4. Executing OPT_REDUCE pass (consolidate $*mux and $reduce_* inputs).
  Optimizing cells in module \vending_behavioral.
Performed a total of 0 changes.

6.5. Executing OPT_MERGE pass (detect identical cells).
Finding identical cells in module `\vending_behavioral'.
Removed a total of 0 cells.

6.6. Executing OPT_DFF pass (perform DFF optimizations).

6.7. Executing OPT_CLEAN pass (remove unused cells and wires).
Finding unused cells or wires in module \vending_behavioral..

6.8. Executing OPT_EXPR pass (perform const folding).
Optimizing module vending_behavioral.

6.9. Finished OPT passes. (There is nothing left to do.)

7. Executing TECHMAP pass (map to technology primitives).

7.1. Executing Verilog-2005 frontend: /usr/bin/../share/yosys/techmap.v
Parsing Verilog input from `/usr/bin/../share/yosys/techmap.v' to AST representation.
Generating RTLIL representation for module `\_90_simplemap_bool_ops'.
Generating RTLIL representation for module `\_90_simplemap_reduce_ops'.
Generating RTLIL representation for module `\_90_simplemap_logic_ops'.
Generating RTLIL representation for module `\_90_simplemap_compare_ops'.
Generating RTLIL representation for module `\_90_simplemap_various'.
Generating RTLIL representation for module `\_90_simplemap_registers'.
Generating RTLIL representation for module `\_90_shift_ops_shr_shl_sshl_sshr'.
Generating RTLIL representation for module `\_90_shift_shiftx'.
Generating RTLIL representation for module `\_90_fa'.
Generating RTLIL representation for module `\_90_lcu'.
Generating RTLIL representation for module `\_90_alu'.
Generating RTLIL representation for module `\_90_macc'.
Generating RTLIL representation for module `\_90_alumacc'.
Generating RTLIL representation for module `\$__div_mod_u'.
Generating RTLIL representation for module `\$__div_mod_trunc'.
Generating RTLIL representation for module `\_90_div'.
Generating RTLIL representation for module `\_90_mod'.
Generating RTLIL representation for module `\$__div_mod_floor'.
Generating RTLIL representation for module `\_90_divfloor'.
Generating RTLIL representation for module `\_90_modfloor'.
Generating RTLIL representation for module `\_90_pow'.
Generating RTLIL representation for module `\_90_pmux'.
Generating RTLIL representation for module `\_90_demux'.
Generating RTLIL representation for module `\_90_lut'.
Successfully finished Verilog frontend.

7.2. Continuing TECHMAP pass.
Running "alumacc" on wrapper $extern:wrap:$add:A_SIGNED=0:A_WIDTH=10:B_SIGNED=0:B_WIDTH=10:Y_WIDTH=10:394426c56d1a028ba8fdd5469b163e04011def47.
Using template $extern:wrap:$add:A_SIGNED=0:A_WIDTH=10:B_SIGNED=0:B_WIDTH=10:Y_WIDTH=10:394426c56d1a028ba8fdd5469b163e04011def47 for cells of type $extern:wrap:$add:A_SIGNED=0:A_WIDTH=10:B_SIGNED=0:B_WIDTH=10:Y_WIDTH=10:394426c56d1a028ba8fdd5469b163e04011def47.
Running "alumacc" on wrapper $extern:wrap:$lt:A_SIGNED=0:A_WIDTH=4:B_SIGNED=0:B_WIDTH=4:Y_WIDTH=1:394426c56d1a028ba8fdd5469b163e04011def47.
Using template $extern:wrap:$lt:A_SIGNED=0:A_WIDTH=4:B_SIGNED=0:B_WIDTH=4:Y_WIDTH=1:394426c56d1a028ba8fdd5469b163e04011def47 for cells of type $extern:wrap:$lt:A_SIGNED=0:A_WIDTH=4:B_SIGNED=0:B_WIDTH=4:Y_WIDTH=1:394426c56d1a028ba8fdd5469b163e04011def47.
Running "alumacc" on wrapper $extern:wrap:$add:A_SIGNED=0:A_WIDTH=4:B_SIGNED=0:B_WIDTH=4:Y_WIDTH=4:394426c56d1a028ba8fdd5469b163e04011def47.
Using template $extern:wrap:$add:A_SIGNED=0:A_WIDTH=4:B_SIGNED=0:B_WIDTH=4:Y_WIDTH=4:394426c56d1a028ba8fdd5469b163e04011def47 for cells of type $extern:wrap:$add:A_SIGNED=0:A_WIDTH=4:B_SIGNED=0:B_WIDTH=4:Y_WIDTH=4:394426c56d1a028ba8fdd5469b163e04011def47.
Running "alumacc" on wrapper $extern:wrap:$sub:A_SIGNED=0:A_WIDTH=6:B_SIGNED=0:B_WIDTH=6:Y_WIDTH=6:394426c56d1a028ba8fdd5469b163e04011def47.
Using template $extern:wrap:$sub:A_SIGNED=0:A_WIDTH=6:B_SIGNED=0:B_WIDTH=6:Y_WIDTH=6:394426c56d1a028ba8fdd5469b163e04011def47 for cells of type $extern:wrap:$sub:A_SIGNED=0:A_WIDTH=6:B_SIGNED=0:B_WIDTH=6:Y_WIDTH=6:394426c56d1a028ba8fdd5469b163e04011def47.
Running "alumacc" on wrapper $extern:wrap:$mul:A_SIGNED=0:A_WIDTH=6:B_SIGNED=0:B_WIDTH=5:Y_WIDTH=5:394426c56d1a028ba8fdd5469b163e04011def47.
Using template $extern:wrap:$mul:A_SIGNED=0:A_WIDTH=6:B_SIGNED=0:B_WIDTH=5:Y_WIDTH=5:394426c56d1a028ba8fdd5469b163e04011def47 for cells of type $extern:wrap:$mul:A_SIGNED=0:A_WIDTH=6:B_SIGNED=0:B_WIDTH=5:Y_WIDTH=5:394426c56d1a028ba8fdd5469b163e04011def47.
Using template $paramod$00298f3f8094950cb9a5ff2fda48d0d8bde8806c\_90_div for cells of type $div.
Running "alumacc" on wrapper $extern:wrap:$gt:A_SIGNED=0:A_WIDTH=6:B_SIGNED=0:B_WIDTH=6:Y_WIDTH=1:394426c56d1a028ba8fdd5469b163e04011def47.
Using template $extern:wrap:$gt:A_SIGNED=0:A_WIDTH=6:B_SIGNED=0:B_WIDTH=6:Y_WIDTH=1:394426c56d1a028ba8fdd5469b163e04011def47 for cells of type $extern:wrap:$gt:A_SIGNED=0:A_WIDTH=6:B_SIGNED=0:B_WIDTH=6:Y_WIDTH=1:394426c56d1a028ba8fdd5469b163e04011def47.
Running "alumacc" on wrapper $extern:wrap:$mul:A_SIGNED=0:A_WIDTH=6:B_SIGNED=0:B_WIDTH=6:Y_WIDTH=6:394426c56d1a028ba8fdd5469b163e04011def47.
Using template $extern:wrap:$mul:A_SIGNED=0:A_WIDTH=6:B_SIGNED=0:B_WIDTH=6:Y_WIDTH=6:394426c56d1a028ba8fdd5469b163e04011def47 for cells of type $extern:wrap:$mul:A_SIGNED=0:A_WIDTH=6:B_SIGNED=0:B_WIDTH=6:Y_WIDTH=6:394426c56d1a028ba8fdd5469b163e04011def47.
Running "alumacc" on wrapper $extern:wrap:$gt:A_SIGNED=0:A_WIDTH=10:B_SIGNED=0:B_WIDTH=10:Y_WIDTH=1:394426c56d1a028ba8fdd5469b163e04011def47.
Using template $extern:wrap:$gt:A_SIGNED=0:A_WIDTH=10:B_SIGNED=0:B_WIDTH=10:Y_WIDTH=1:394426c56d1a028ba8fdd5469b163e04011def47 for cells of type $extern:wrap:$gt:A_SIGNED=0:A_WIDTH=10:B_SIGNED=0:B_WIDTH=10:Y_WIDTH=1:394426c56d1a028ba8fdd5469b163e04011def47.
Running "alumacc" on wrapper $extern:wrap:$sub:A_SIGNED=0:A_WIDTH=10:B_SIGNED=0:B_WIDTH=10:Y_WIDTH=10:394426c56d1a028ba8fdd5469b163e04011def47.
Using template $extern:wrap:$sub:A_SIGNED=0:A_WIDTH=10:B_SIGNED=0:B_WIDTH=10:Y_WIDTH=10:394426c56d1a028ba8fdd5469b163e04011def47 for cells of type $extern:wrap:$sub:A_SIGNED=0:A_WIDTH=10:B_SIGNED=0:B_WIDTH=10:Y_WIDTH=10:394426c56d1a028ba8fdd5469b163e04011def47.
Using extmapper simplemap for cells of type $reduce_bool.
Running "alumacc" on wrapper $extern:wrap:$add:A_SIGNED=0:A_WIDTH=6:B_SIGNED=0:B_WIDTH=6:Y_WIDTH=6:394426c56d1a028ba8fdd5469b163e04011def47.
Using template $extern:wrap:$add:A_SIGNED=0:A_WIDTH=6:B_SIGNED=0:B_WIDTH=6:Y_WIDTH=6:394426c56d1a028ba8fdd5469b163e04011def47 for cells of type $extern:wrap:$add:A_SIGNED=0:A_WIDTH=6:B_SIGNED=0:B_WIDTH=6:Y_WIDTH=6:394426c56d1a028ba8fdd5469b163e04011def47.
Using extmapper simplemap for cells of type $logic_not.
Using extmapper simplemap for cells of type $mux.
Running "alumacc" on wrapper $extern:wrap:$lt:A_SIGNED=0:A_WIDTH=6:B_SIGNED=0:B_WIDTH=6:Y_WIDTH=1:394426c56d1a028ba8fdd5469b163e04011def47.
Using template $extern:wrap:$lt:A_SIGNED=0:A_WIDTH=6:B_SIGNED=0:B_WIDTH=6:Y_WIDTH=1:394426c56d1a028ba8fdd5469b163e04011def47 for cells of type $extern:wrap:$lt:A_SIGNED=0:A_WIDTH=6:B_SIGNED=0:B_WIDTH=6:Y_WIDTH=1:394426c56d1a028ba8fdd5469b163e04011def47.
Using extmapper simplemap for cells of type $reduce_or.
Using extmapper simplemap for cells of type $reduce_and.
Using extmapper simplemap for cells of type $ne.
Using template $paramod$f3115659d5e2977ebd2cb01ff3557fc5f6187689\_90_pmux for cells of type $pmux.
Using extmapper simplemap for cells of type $adffe.
Using template $paramod$c15e84c77f007506123baf6c4be45847f0e33a3b\_90_pmux for cells of type $pmux.
Using template $paramod$521ce43182eecb9f60c72393a788160d2c356bf5\_90_pmux for cells of type $pmux.
Using template $paramod$068ad458e7761d78e5eed8238508872e7b0aef95\_90_pmux for cells of type $pmux.
Using template $paramod$c5c783b17ab1d780abfad8cfe6563a0a7b47a3b0\_90_pmux for cells of type $pmux.
Using extmapper simplemap for cells of type $eq.
Using template $paramod$ed0bb9616228df1e6c226f91f8133e751815f1b1\_90_pmux for cells of type $pmux.
Using template $paramod$f311afc5076e4ed7a7dd4101ffa54855903ad4d6\_90_pmux for cells of type $pmux.
Using template $paramod$effaf36432c334223db2ff0ecd7fefb10188d957\_90_pmux for cells of type $pmux.
Using extmapper simplemap for cells of type $adff.
Using template $paramod$00298f3f8094950cb9a5ff2fda48d0d8bde8806c\_90_alu for cells of type $alu.
Using extmapper simplemap for cells of type $not.
Using extmapper maccmap for cells of type $macc.
  add $4\greedy_return$func$behavioral/vending_behavioral.v:214$1.take[5:0]$298 * 5'00101 (6x5 bits, unsigned)
Using template $paramod$740b056ede97228d3eae64ea2fdc81f0a33e0fe7\_90_alu for cells of type $alu.
Using extmapper simplemap for cells of type $or.
Using template $paramod$484d51534650924b7ed4c69e46eed3a56904771f\_90_alu for cells of type $alu.
Using extmapper simplemap for cells of type $and.
  add $5\greedy_return$func$behavioral/vending_behavioral.v:214$1.take[5:0]$304 * 6'000101 (6x6 bits, unsigned)
Using template $paramod$00298f3f8094950cb9a5ff2fda48d0d8bde8806c\$__div_mod_trunc for cells of type $__div_mod_trunc.
  add $10\greedy_return$func$behavioral/vending_behavioral.v:446$12.take[5:0]$790 * 6'000101 (6x6 bits, unsigned)
  add $9\greedy_return$func$behavioral/vending_behavioral.v:446$12.take[5:0]$784 * 5'00101 (6x5 bits, unsigned)
  add $10\greedy_return$func$behavioral/vending_behavioral.v:404$11.take[5:0]$734 * 6'000101 (6x6 bits, unsigned)
  add $9\greedy_return$func$behavioral/vending_behavioral.v:404$11.take[5:0]$728 * 5'00101 (6x5 bits, unsigned)
  add $10\greedy_return$func$behavioral/vending_behavioral.v:362$10.take[5:0]$678 * 6'000101 (6x6 bits, unsigned)
  add $9\greedy_return$func$behavioral/vending_behavioral.v:362$10.take[5:0]$672 * 5'00101 (6x5 bits, unsigned)
  add $10\greedy_return$func$behavioral/vending_behavioral.v:320$9.take[5:0]$622 * 6'000101 (6x6 bits, unsigned)
  add $9\greedy_return$func$behavioral/vending_behavioral.v:320$9.take[5:0]$616 * 5'00101 (6x5 bits, unsigned)
  add $5\greedy_return$func$behavioral/vending_behavioral.v:269$5.take[5:0]$409 * 6'000101 (6x6 bits, unsigned)
  add $4\greedy_return$func$behavioral/vending_behavioral.v:269$5.take[5:0]$403 * 5'00101 (6x5 bits, unsigned)
Using extmapper simplemap for cells of type $pos.
Using template $paramod\_90_lcu\WIDTH=32'00000000000000000000000000000110 for cells of type $lcu.
Using template $paramod\_90_fa\WIDTH=32'00000000000000000000000000000110 for cells of type $fa.
Using extmapper simplemap for cells of type $xor.
Using extmapper simplemap for cells of type $logic_and.
Running "alumacc" on wrapper $extern:wrap:$neg:Y_WIDTH=6:A_WIDTH=6:A_SIGNED=0:394426c56d1a028ba8fdd5469b163e04011def47.
Using template $extern:wrap:$neg:Y_WIDTH=6:A_WIDTH=6:A_SIGNED=0:394426c56d1a028ba8fdd5469b163e04011def47 for cells of type $extern:wrap:$neg:Y_WIDTH=6:A_WIDTH=6:A_SIGNED=0:394426c56d1a028ba8fdd5469b163e04011def47.
Using template $paramod\$__div_mod_u\WIDTH=32'00000000000000000000000000000110 for cells of type $__div_mod_u.
Using template $paramod\_90_lcu\WIDTH=32'00000000000000000000000000001010 for cells of type $lcu.
Using template $paramod\_90_lcu\WIDTH=32'00000000000000000000000000000100 for cells of type $lcu.
Using template $paramod\_90_fa\WIDTH=32'00000000000000000000000000000101 for cells of type $fa.
Using template $paramod$b18e16801adf491a64caa0542270798e5d4ac6b6\_90_alu for cells of type $alu.
Using template $paramod$821d2886e47353e724eaca46af4992e9c3e6ac1d\_90_alu for cells of type $alu.
Running "alumacc" on wrapper $extern:wrap:$sub:Y_WIDTH=6:B_WIDTH=6:A_WIDTH=6:B_SIGNED=0:A_SIGNED=0:394426c56d1a028ba8fdd5469b163e04011def47.
Using template $extern:wrap:$sub:Y_WIDTH=6:B_WIDTH=6:A_WIDTH=6:B_SIGNED=0:A_SIGNED=0:394426c56d1a028ba8fdd5469b163e04011def47 for cells of type $extern:wrap:$sub:Y_WIDTH=6:B_WIDTH=6:A_WIDTH=6:B_SIGNED=0:A_SIGNED=0:394426c56d1a028ba8fdd5469b163e04011def47.
Running "alumacc" on wrapper $extern:wrap:$ge:Y_WIDTH=1:B_WIDTH=6:A_WIDTH=6:B_SIGNED=0:A_SIGNED=0:394426c56d1a028ba8fdd5469b163e04011def47.
Using template $extern:wrap:$ge:Y_WIDTH=1:B_WIDTH=6:A_WIDTH=6:B_SIGNED=0:A_SIGNED=0:394426c56d1a028ba8fdd5469b163e04011def47 for cells of type $extern:wrap:$ge:Y_WIDTH=1:B_WIDTH=6:A_WIDTH=6:B_SIGNED=0:A_SIGNED=0:394426c56d1a028ba8fdd5469b163e04011def47.
Running "alumacc" on wrapper $extern:wrap:$sub:Y_WIDTH=7:B_WIDTH=7:A_WIDTH=6:B_SIGNED=0:A_SIGNED=0:394426c56d1a028ba8fdd5469b163e04011def47.
Using template $extern:wrap:$sub:Y_WIDTH=7:B_WIDTH=7:A_WIDTH=6:B_SIGNED=0:A_SIGNED=0:394426c56d1a028ba8fdd5469b163e04011def47 for cells of type $extern:wrap:$sub:Y_WIDTH=7:B_WIDTH=7:A_WIDTH=6:B_SIGNED=0:A_SIGNED=0:394426c56d1a028ba8fdd5469b163e04011def47.
Running "alumacc" on wrapper $extern:wrap:$ge:Y_WIDTH=1:B_WIDTH=7:A_WIDTH=6:B_SIGNED=0:A_SIGNED=0:394426c56d1a028ba8fdd5469b163e04011def47.
Using template $extern:wrap:$ge:Y_WIDTH=1:B_WIDTH=7:A_WIDTH=6:B_SIGNED=0:A_SIGNED=0:394426c56d1a028ba8fdd5469b163e04011def47 for cells of type $extern:wrap:$ge:Y_WIDTH=1:B_WIDTH=7:A_WIDTH=6:B_SIGNED=0:A_SIGNED=0:394426c56d1a028ba8fdd5469b163e04011def47.
Running "alumacc" on wrapper $extern:wrap:$sub:Y_WIDTH=8:B_WIDTH=8:A_WIDTH=6:B_SIGNED=0:A_SIGNED=0:394426c56d1a028ba8fdd5469b163e04011def47.
Using template $extern:wrap:$sub:Y_WIDTH=8:B_WIDTH=8:A_WIDTH=6:B_SIGNED=0:A_SIGNED=0:394426c56d1a028ba8fdd5469b163e04011def47 for cells of type $extern:wrap:$sub:Y_WIDTH=8:B_WIDTH=8:A_WIDTH=6:B_SIGNED=0:A_SIGNED=0:394426c56d1a028ba8fdd5469b163e04011def47.
Running "alumacc" on wrapper $extern:wrap:$ge:Y_WIDTH=1:B_WIDTH=8:A_WIDTH=6:B_SIGNED=0:A_SIGNED=0:394426c56d1a028ba8fdd5469b163e04011def47.
Using template $extern:wrap:$ge:Y_WIDTH=1:B_WIDTH=8:A_WIDTH=6:B_SIGNED=0:A_SIGNED=0:394426c56d1a028ba8fdd5469b163e04011def47 for cells of type $extern:wrap:$ge:Y_WIDTH=1:B_WIDTH=8:A_WIDTH=6:B_SIGNED=0:A_SIGNED=0:394426c56d1a028ba8fdd5469b163e04011def47.
Running "alumacc" on wrapper $extern:wrap:$sub:Y_WIDTH=9:B_WIDTH=9:A_WIDTH=6:B_SIGNED=0:A_SIGNED=0:394426c56d1a028ba8fdd5469b163e04011def47.
Using template $extern:wrap:$sub:Y_WIDTH=9:B_WIDTH=9:A_WIDTH=6:B_SIGNED=0:A_SIGNED=0:394426c56d1a028ba8fdd5469b163e04011def47 for cells of type $extern:wrap:$sub:Y_WIDTH=9:B_WIDTH=9:A_WIDTH=6:B_SIGNED=0:A_SIGNED=0:394426c56d1a028ba8fdd5469b163e04011def47.
Running "alumacc" on wrapper $extern:wrap:$ge:Y_WIDTH=1:B_WIDTH=9:A_WIDTH=6:B_SIGNED=0:A_SIGNED=0:394426c56d1a028ba8fdd5469b163e04011def47.
Using template $extern:wrap:$ge:Y_WIDTH=1:B_WIDTH=9:A_WIDTH=6:B_SIGNED=0:A_SIGNED=0:394426c56d1a028ba8fdd5469b163e04011def47 for cells of type $extern:wrap:$ge:Y_WIDTH=1:B_WIDTH=9:A_WIDTH=6:B_SIGNED=0:A_SIGNED=0:394426c56d1a028ba8fdd5469b163e04011def47.
Running "alumacc" on wrapper $extern:wrap:$sub:Y_WIDTH=10:B_WIDTH=10:A_WIDTH=6:B_SIGNED=0:A_SIGNED=0:394426c56d1a028ba8fdd5469b163e04011def47.
Using template $extern:wrap:$sub:Y_WIDTH=10:B_WIDTH=10:A_WIDTH=6:B_SIGNED=0:A_SIGNED=0:394426c56d1a028ba8fdd5469b163e04011def47 for cells of type $extern:wrap:$sub:Y_WIDTH=10:B_WIDTH=10:A_WIDTH=6:B_SIGNED=0:A_SIGNED=0:394426c56d1a028ba8fdd5469b163e04011def47.
Running "alumacc" on wrapper $extern:wrap:$ge:Y_WIDTH=1:B_WIDTH=10:A_WIDTH=6:B_SIGNED=0:A_SIGNED=0:394426c56d1a028ba8fdd5469b163e04011def47.
Using template $extern:wrap:$ge:Y_WIDTH=1:B_WIDTH=10:A_WIDTH=6:B_SIGNED=0:A_SIGNED=0:394426c56d1a028ba8fdd5469b163e04011def47 for cells of type $extern:wrap:$ge:Y_WIDTH=1:B_WIDTH=10:A_WIDTH=6:B_SIGNED=0:A_SIGNED=0:394426c56d1a028ba8fdd5469b163e04011def47.
Running "alumacc" on wrapper $extern:wrap:$sub:Y_WIDTH=11:B_WIDTH=11:A_WIDTH=6:B_SIGNED=0:A_SIGNED=0:394426c56d1a028ba8fdd5469b163e04011def47.
Using template $extern:wrap:$sub:Y_WIDTH=11:B_WIDTH=11:A_WIDTH=6:B_SIGNED=0:A_SIGNED=0:394426c56d1a028ba8fdd5469b163e04011def47 for cells of type $extern:wrap:$sub:Y_WIDTH=11:B_WIDTH=11:A_WIDTH=6:B_SIGNED=0:A_SIGNED=0:394426c56d1a028ba8fdd5469b163e04011def47.
Running "alumacc" on wrapper $extern:wrap:$ge:Y_WIDTH=1:B_WIDTH=11:A_WIDTH=6:B_SIGNED=0:A_SIGNED=0:394426c56d1a028ba8fdd5469b163e04011def47.
Using template $extern:wrap:$ge:Y_WIDTH=1:B_WIDTH=11:A_WIDTH=6:B_SIGNED=0:A_SIGNED=0:394426c56d1a028ba8fdd5469b163e04011def47 for cells of type $extern:wrap:$ge:Y_WIDTH=1:B_WIDTH=11:A_WIDTH=6:B_SIGNED=0:A_SIGNED=0:394426c56d1a028ba8fdd5469b163e04011def47.
Using template $paramod\_90_lcu\WIDTH=32'00000000000000000000000000000101 for cells of type $lcu.
Running "alumacc" on wrapper $extern:wrap:$ge:A_SIGNED=0:A_WIDTH=6:B_SIGNED=0:B_WIDTH=11:Y_WIDTH=1:394426c56d1a028ba8fdd5469b163e04011def47.
Using template $extern:wrap:$ge:A_SIGNED=0:A_WIDTH=6:B_SIGNED=0:B_WIDTH=11:Y_WIDTH=1:394426c56d1a028ba8fdd5469b163e04011def47 for cells of type $extern:wrap:$ge:A_SIGNED=0:A_WIDTH=6:B_SIGNED=0:B_WIDTH=11:Y_WIDTH=1:394426c56d1a028ba8fdd5469b163e04011def47.
Running "alumacc" on wrapper $extern:wrap:$ge:A_SIGNED=0:A_WIDTH=6:B_SIGNED=0:B_WIDTH=10:Y_WIDTH=1:394426c56d1a028ba8fdd5469b163e04011def47.
Using template $extern:wrap:$ge:A_SIGNED=0:A_WIDTH=6:B_SIGNED=0:B_WIDTH=10:Y_WIDTH=1:394426c56d1a028ba8fdd5469b163e04011def47 for cells of type $extern:wrap:$ge:A_SIGNED=0:A_WIDTH=6:B_SIGNED=0:B_WIDTH=10:Y_WIDTH=1:394426c56d1a028ba8fdd5469b163e04011def47.
Running "alumacc" on wrapper $extern:wrap:$ge:A_SIGNED=0:A_WIDTH=6:B_SIGNED=0:B_WIDTH=9:Y_WIDTH=1:394426c56d1a028ba8fdd5469b163e04011def47.
Using template $extern:wrap:$ge:A_SIGNED=0:A_WIDTH=6:B_SIGNED=0:B_WIDTH=9:Y_WIDTH=1:394426c56d1a028ba8fdd5469b163e04011def47 for cells of type $extern:wrap:$ge:A_SIGNED=0:A_WIDTH=6:B_SIGNED=0:B_WIDTH=9:Y_WIDTH=1:394426c56d1a028ba8fdd5469b163e04011def47.
Running "alumacc" on wrapper $extern:wrap:$ge:A_SIGNED=0:A_WIDTH=6:B_SIGNED=0:B_WIDTH=8:Y_WIDTH=1:394426c56d1a028ba8fdd5469b163e04011def47.
Using template $extern:wrap:$ge:A_SIGNED=0:A_WIDTH=6:B_SIGNED=0:B_WIDTH=8:Y_WIDTH=1:394426c56d1a028ba8fdd5469b163e04011def47 for cells of type $extern:wrap:$ge:A_SIGNED=0:A_WIDTH=6:B_SIGNED=0:B_WIDTH=8:Y_WIDTH=1:394426c56d1a028ba8fdd5469b163e04011def47.
Running "alumacc" on wrapper $extern:wrap:$ge:A_SIGNED=0:A_WIDTH=6:B_SIGNED=0:B_WIDTH=7:Y_WIDTH=1:394426c56d1a028ba8fdd5469b163e04011def47.
Using template $extern:wrap:$ge:A_SIGNED=0:A_WIDTH=6:B_SIGNED=0:B_WIDTH=7:Y_WIDTH=1:394426c56d1a028ba8fdd5469b163e04011def47 for cells of type $extern:wrap:$ge:A_SIGNED=0:A_WIDTH=6:B_SIGNED=0:B_WIDTH=7:Y_WIDTH=1:394426c56d1a028ba8fdd5469b163e04011def47.
Running "alumacc" on wrapper $extern:wrap:$ge:A_SIGNED=0:A_WIDTH=6:B_SIGNED=0:B_WIDTH=6:Y_WIDTH=1:394426c56d1a028ba8fdd5469b163e04011def47.
Using template $extern:wrap:$ge:A_SIGNED=0:A_WIDTH=6:B_SIGNED=0:B_WIDTH=6:Y_WIDTH=1:394426c56d1a028ba8fdd5469b163e04011def47 for cells of type $extern:wrap:$ge:A_SIGNED=0:A_WIDTH=6:B_SIGNED=0:B_WIDTH=6:Y_WIDTH=1:394426c56d1a028ba8fdd5469b163e04011def47.
Running "alumacc" on wrapper $extern:wrap:$sub:A_SIGNED=0:A_WIDTH=6:B_SIGNED=0:B_WIDTH=11:Y_WIDTH=11:394426c56d1a028ba8fdd5469b163e04011def47.
Using template $extern:wrap:$sub:A_SIGNED=0:A_WIDTH=6:B_SIGNED=0:B_WIDTH=11:Y_WIDTH=11:394426c56d1a028ba8fdd5469b163e04011def47 for cells of type $extern:wrap:$sub:A_SIGNED=0:A_WIDTH=6:B_SIGNED=0:B_WIDTH=11:Y_WIDTH=11:394426c56d1a028ba8fdd5469b163e04011def47.
Running "alumacc" on wrapper $extern:wrap:$sub:A_SIGNED=0:A_WIDTH=6:B_SIGNED=0:B_WIDTH=10:Y_WIDTH=10:394426c56d1a028ba8fdd5469b163e04011def47.
Using template $extern:wrap:$sub:A_SIGNED=0:A_WIDTH=6:B_SIGNED=0:B_WIDTH=10:Y_WIDTH=10:394426c56d1a028ba8fdd5469b163e04011def47 for cells of type $extern:wrap:$sub:A_SIGNED=0:A_WIDTH=6:B_SIGNED=0:B_WIDTH=10:Y_WIDTH=10:394426c56d1a028ba8fdd5469b163e04011def47.
Running "alumacc" on wrapper $extern:wrap:$sub:A_SIGNED=0:A_WIDTH=6:B_SIGNED=0:B_WIDTH=9:Y_WIDTH=9:394426c56d1a028ba8fdd5469b163e04011def47.
Using template $extern:wrap:$sub:A_SIGNED=0:A_WIDTH=6:B_SIGNED=0:B_WIDTH=9:Y_WIDTH=9:394426c56d1a028ba8fdd5469b163e04011def47 for cells of type $extern:wrap:$sub:A_SIGNED=0:A_WIDTH=6:B_SIGNED=0:B_WIDTH=9:Y_WIDTH=9:394426c56d1a028ba8fdd5469b163e04011def47.
Running "alumacc" on wrapper $extern:wrap:$sub:A_SIGNED=0:A_WIDTH=6:B_SIGNED=0:B_WIDTH=8:Y_WIDTH=8:394426c56d1a028ba8fdd5469b163e04011def47.
Using template $extern:wrap:$sub:A_SIGNED=0:A_WIDTH=6:B_SIGNED=0:B_WIDTH=8:Y_WIDTH=8:394426c56d1a028ba8fdd5469b163e04011def47 for cells of type $extern:wrap:$sub:A_SIGNED=0:A_WIDTH=6:B_SIGNED=0:B_WIDTH=8:Y_WIDTH=8:394426c56d1a028ba8fdd5469b163e04011def47.
Running "alumacc" on wrapper $extern:wrap:$sub:A_SIGNED=0:A_WIDTH=6:B_SIGNED=0:B_WIDTH=7:Y_WIDTH=7:394426c56d1a028ba8fdd5469b163e04011def47.
Using template $extern:wrap:$sub:A_SIGNED=0:A_WIDTH=6:B_SIGNED=0:B_WIDTH=7:Y_WIDTH=7:394426c56d1a028ba8fdd5469b163e04011def47 for cells of type $extern:wrap:$sub:A_SIGNED=0:A_WIDTH=6:B_SIGNED=0:B_WIDTH=7:Y_WIDTH=7:394426c56d1a028ba8fdd5469b163e04011def47.
Using template $paramod$c4905825bb8ecc38b98eb4167e8b007447af7884\_90_alu for cells of type $alu.
Using template $paramod$150d098cb9cca1819459bc5073194c8c53d2862d\_90_alu for cells of type $alu.
Using template $paramod$8ffc13f158d9c4b92f6c17114e5b147ae5ead21a\_90_alu for cells of type $alu.
Using template $paramod$9c32b45917accb56be6667e7eba7742d064d7fbb\_90_alu for cells of type $alu.
Using template $paramod$6a7f9ecd57c555325e0ef49a9999665bb92312d8\_90_alu for cells of type $alu.
Using template $paramod\_90_lcu\WIDTH=32'00000000000000000000000000000111 for cells of type $lcu.
Using template $paramod\_90_lcu\WIDTH=32'00000000000000000000000000001000 for cells of type $lcu.
Using template $paramod\_90_lcu\WIDTH=32'00000000000000000000000000001001 for cells of type $lcu.
Using template $paramod\_90_lcu\WIDTH=32'00000000000000000000000000001011 for cells of type $lcu.
No more expansions possible.
<suppressed ~13829 debug messages>

8. Executing ABC pass (technology mapping using ABC).

8.1. Extracting gate netlist of module `\vending_behavioral' to `<abc-temp-dir>/input.blif'..
Extracted 26366 gates and 26471 wires to a netlist network with 102 inputs and 121 outputs.

8.1.1. Executing ABC.
Running ABC command: "<yosys-exe-dir>/yosys-abc" -s -f <abc-temp-dir>/abc.script 2>&1
ABC: ABC command line: "source <abc-temp-dir>/abc.script".
ABC: 
ABC: + read_blif <abc-temp-dir>/input.blif 
ABC: + read_library <abc-temp-dir>/stdcells.genlib 
ABC: Entered genlib library with 13 gates from file "<abc-temp-dir>/stdcells.genlib".
ABC: + strash 
ABC: + &get -n 
ABC: + &fraig -x 
ABC: + &put 
ABC: + scorr 
ABC: Warning: The network is combinational (run "fraig" or "fraig_sweep").
ABC: + dc2 
ABC: + dretime 
ABC: + strash 
ABC: + &get -n 
ABC: + &dch -f 
ABC: + &nf 
ABC: + &put 
ABC: + write_blif <abc-temp-dir>/output.blif 

8.1.2. Re-integrating ABC results.
ABC RESULTS:               NOT cells:       39
ABC RESULTS:               XOR cells:      363
ABC RESULTS:              XNOR cells:      315
ABC RESULTS:            ANDNOT cells:      103
ABC RESULTS:              NAND cells:     1776
ABC RESULTS:               NOR cells:       58
ABC RESULTS:                OR cells:      314
ABC RESULTS:             ORNOT cells:      278
ABC RESULTS:               AND cells:      758
ABC RESULTS:               MUX cells:       90
ABC RESULTS:              ZERO cells:        6
ABC RESULTS:        internal signals:    26248
ABC RESULTS:           input signals:      102
ABC RESULTS:          output signals:      121
Removing temp directory.

9. Executing OPT pass (performing simple optimizations).

9.1. Executing OPT_EXPR pass (perform const folding).
Optimizing module vending_behavioral.

9.2. Executing OPT_MERGE pass (detect identical cells).
Finding identical cells in module `\vending_behavioral'.
<suppressed ~15 debug messages>
Removed a total of 5 cells.

9.3. Executing OPT_MUXTREE pass (detect dead branches in mux trees).
Running muxtree optimizer on module \vending_behavioral..
  Creating internal representation of mux trees.
  No muxes found in this module.
Removed 0 multiplexer ports.

9.4. Executing OPT_REDUCE pass (consolidate $*mux and $reduce_* inputs).
  Optimizing cells in module \vending_behavioral.
Performed a total of 0 changes.

9.5. Executing OPT_MERGE pass (detect identical cells).
Finding identical cells in module `\vending_behavioral'.
Removed a total of 0 cells.

9.6. Executing OPT_DFF pass (perform DFF optimizations).
Setting constant 0-bit at position 0 on $auto$ff.cc:266:slice$13365 ($_DFF_PN0_) from module vending_behavioral.

9.7. Executing OPT_CLEAN pass (remove unused cells and wires).
Finding unused cells or wires in module \vending_behavioral..
Removed 0 unused cells and 18405 unused wires.
<suppressed ~1 debug messages>

9.8. Executing OPT_EXPR pass (perform const folding).
Optimizing module vending_behavioral.

9.9. Rerunning OPT passes. (Maybe there is more to do..)

9.10. Executing OPT_MUXTREE pass (detect dead branches in mux trees).
Running muxtree optimizer on module \vending_behavioral..
  Creating internal representation of mux trees.
  No muxes found in this module.
Removed 0 multiplexer ports.

9.11. Executing OPT_REDUCE pass (consolidate $*mux and $reduce_* inputs).
  Optimizing cells in module \vending_behavioral.
Performed a total of 0 changes.

9.12. Executing OPT_MERGE pass (detect identical cells).
Finding identical cells in module `\vending_behavioral'.
Removed a total of 0 cells.

9.13. Executing OPT_DFF pass (perform DFF optimizations).

9.14. Executing OPT_CLEAN pass (remove unused cells and wires).
Finding unused cells or wires in module \vending_behavioral..

9.15. Executing OPT_EXPR pass (perform const folding).
Optimizing module vending_behavioral.

9.16. Finished OPT passes. (There is nothing left to do.)

10. Printing statistics.

=== vending_behavioral ===

   Number of wires:               4129
   Number of wire bits:           4690
   Number of public wires:         110
   Number of public wire bits:     590
   Number of memories:               0
   Number of memory bits:            0
   Number of processes:              0
   Number of cells:               4218
     $_ANDNOT_                     103
     $_AND_                        758
     $_DFFE_PN0P_                   94
     $_DFF_PN0_                     30
     $_MUX_                         90
     $_NAND_                      1776
     $_NOR_                         58
     $_NOT_                         39
     $_ORNOT_                      278
     $_OR_                         314
     $_XNOR_                       315
     $_XOR_                        363

11. Executing Verilog backend.

11.1. Executing BMUXMAP pass.

11.2. Executing DEMUXMAP pass.
Dumping module `\vending_behavioral'.

End of script. Logfile hash: de03d4b62a, CPU: user 3.88s system 0.22s, MEM: 191.04 MB peak
Yosys 0.33 (git sha1 2584903a060)
Time spent: 24% 1x abc (1 sec), 21% 1x techmap (1 sec), ...
